id,phase,workstream,task,owner,priority,dependency,acceptance_evidence,gate,initial_status
CHK-0001,−1,Repositories,"Audit, repair, and certify TriadEngine",Platform/Engine,P0,REP-001,"Current behavior is reproduced, gap is closed to: Retained chassis; legacy E02 frozen control/bridge. Before/after evidence and rollback are attached.",Phase −1 inventory closure,NOT_STARTED
CHK-0002,−1,Repositories,Certify and attest TriadIntelligence,Intelligence,P1,REP-002,Pinned implementation is independently verified against: Separate advisory treatment route. No unverified inherited behavior enters authority.,Phase −1 inventory closure,NOT_STARTED
CHK-0003,−1,Repositories,"Audit, repair, and certify TriadExecutor",Risk/Execution,P0,REP-003,"Current behavior is reproduced, gap is closed to: E07/E08/E09 responsibilities contract-separated. Before/after evidence and rollback are attached.",Phase −1 inventory closure,NOT_STARTED
CHK-0004,−1,Repositories,Certify and attest TriadVenueGateway,Execution,P0,REP-004,Pinned implementation is independently verified against: E09 sole raw-credential holder and venue truth. No unverified inherited behavior enters authority.,Phase −1 inventory closure,NOT_STARTED
CHK-0005,−1,Repositories,Certify and attest TriadLearning,Learning,P1,REP-005,Pinned implementation is independently verified against: Read-only evidence and governed artifact proposal. No unverified inherited behavior enters authority.,Phase −1 inventory closure,NOT_STARTED
CHK-0006,−1,Repositories,"Audit, repair, and certify TriadDTBNK",Data,P1,REP-006,"Current behavior is reproduced, gap is closed to: Projection store; not sole replay tape until certified. Before/after evidence and rollback are attached.",Phase −1 inventory closure,NOT_STARTED
CHK-0007,−1,Repositories,Certify and attest TriadRelay,Platform,P2,REP-007,Pinned implementation is independently verified against: Keyless read-only relay only. No unverified inherited behavior enters authority.,Phase −1 inventory closure,NOT_STARTED
CHK-0008,−1,Repositories,Register deferment and isolate TriadInQuest,Evidence,P3,REP-008,"Deferred scope, rationale, owner, re-entry gate and dependency isolation are recorded; first-wave artifacts do not depend on it. Target: Investigation/evidence only.",Phase −1 inventory closure,NOT_STARTED
CHK-0009,−1,Repositories,Certify and attest TriadKronos,Forecast,P2,REP-009,Pinned implementation is independently verified against: Treatment-only forecast service. No unverified inherited behavior enters authority.,Phase −1 inventory closure,NOT_STARTED
CHK-0010,−1,Repositories,"Audit, repair, and certify TriadForecast",Forecast,P2,REP-010,"Current behavior is reproduced, gap is closed to: Treatment-only; resolve overlap with Kronos. Before/after evidence and rollback are attached.",Phase −1 inventory closure,NOT_STARTED
CHK-0011,−1,Repositories,Register deferment and isolate TriadLLM,Intelligence,P3,REP-011,"Deferred scope, rationale, owner, re-entry gate and dependency isolation are recorded; first-wave artifacts do not depend on it. Target: Treatment-only.",Phase −1 inventory closure,NOT_STARTED
CHK-0012,−1,Repositories,Register deferment and isolate TriadLLMCore,Intelligence,P3,REP-012,"Deferred scope, rationale, owner, re-entry gate and dependency isolation are recorded; first-wave artifacts do not depend on it. Target: Treatment-only.",Phase −1 inventory closure,NOT_STARTED
CHK-0013,−1,Repositories,"Audit, repair, and certify TriadMissionControl",Operations,P2,REP-013,"Current behavior is reproduced, gap is closed to: Read-only activation/evidence UI unless separately governed. Before/after evidence and rollback are attached.",Phase −1 inventory closure,NOT_STARTED
CHK-0014,−1,Repositories,Register deferment and isolate TriadAgent,Automation,P3,REP-014,"Deferred scope, rationale, owner, re-entry gate and dependency isolation are recorded; first-wave artifacts do not depend on it. Target: No money authority.",Phase −1 inventory closure,NOT_STARTED
CHK-0015,−1,Repositories,Register deferment and isolate TriadUPDOWN,Owner TBD,P3,REP-015,"Deferred scope, rationale, owner, re-entry gate and dependency isolation are recorded; first-wave artifacts do not depend on it. Target: Out of initial ORIGIN scope.",Phase −1 inventory closure,NOT_STARTED
CHK-0016,−1,Repositories,Drain and retire quant-trade-0 / yolonaut-1 / yolobotv2-2 / uponly-core-3 / newnaut-4 / pulse-5,Archive owner,P1,REP-016,"No active producer, consumer, credential, config, runbook or deployment depends on the item; retained evidence is archived and replacement 'Evidence corpus only; no code inheritance' is proven.",Phase −1 inventory closure,NOT_STARTED
CHK-0017,−1,Repositories,Implement TriadOrigin,ORIGIN team,P0,REP-017,Target exists as specified: New clean-room repository. Automated contract/permission/behavior checks pass; owner and artifact/evidence reference are recorded.,Phase −1 inventory closure,NOT_STARTED
CHK-0018,−1,Processes,"Audit, repair, and certify feeds",Data,P0,SRV-001,"Current behavior is reproduced, gap is closed to: Certified E00 base-feed collector. Before/after evidence and rollback are attached.",Phase −1 inventory closure,NOT_STARTED
CHK-0019,−1,Processes,"Audit, repair, and certify feeds-liq-ws",Data,P1,SRV-002,"Current behavior is reproduced, gap is closed to: Supported routed source or honest degraded null. Before/after evidence and rollback are attached.",Phase −1 inventory closure,NOT_STARTED
CHK-0020,−1,Processes,"Audit, repair, and certify triad_engine",Engine,P0,SRV-003,"Current behavior is reproduced, gap is closed to: Transitional E01 publisher + frozen legacy control. Before/after evidence and rollback are attached.",Phase −1 inventory closure,NOT_STARTED
CHK-0021,−1,Processes,Implement triad-origin-e02,ORIGIN,P0,SRV-004,Target exists as specified: Standalone no-credential ORIGIN service. Automated contract/permission/behavior checks pass; owner and artifact/evidence reference are recorded.,Phase −1 inventory closure,NOT_STARTED
CHK-0022,−1,Processes,Implement legacy-input-bridge,ORIGIN/Platform,P0,SRV-005,Target exists as specified: candidate.v1/context compatibility bridge. Automated contract/permission/behavior checks pass; owner and artifact/evidence reference are recorded.,Phase −1 inventory closure,NOT_STARTED
CHK-0023,−1,Processes,Implement edge-comparator,Evidence,P1,SRV-006,Target exists as specified: Side-effect-free legacy/ORIGIN diff worker. Automated contract/permission/behavior checks pass; owner and artifact/evidence reference are recorded.,Phase −1 inventory closure,NOT_STARTED
CHK-0024,−1,Processes,Implement edge-authority-router,Platform/Governance,P0,SRV-007,Target exists as specified: Single selected candidate writer. Automated contract/permission/behavior checks pass; owner and artifact/evidence reference are recorded.,Phase −1 inventory closure,NOT_STARTED
CHK-0025,−1,Processes,"Audit, repair, and certify intelligence-gateway",Intelligence,P1,SRV-008,"Current behavior is reproduced, gap is closed to: Treatment decision producer only. Before/after evidence and rollback are attached.",Phase −1 inventory closure,NOT_STARTED
CHK-0026,−1,Processes,Drain and retire shadowexec,Execution,P1,SRV-009,"No active producer, consumer, credential, config, runbook or deployment depends on the item; retained evidence is archived and replacement 'Offline/test harness only or remove' is proven.",Phase −1 inventory closure,NOT_STARTED
CHK-0027,−1,Processes,Register deferment and isolate crossvenueobs,Data/Execution,P2,SRV-010,"Deferred scope, rationale, owner, re-entry gate and dependency isolation are recorded; first-wave artifacts do not depend on it. Target: Read-only optional feature source.",Phase −1 inventory closure,NOT_STARTED
CHK-0028,−1,Processes,Certify and attest kronos,Forecast,P2,SRV-011,Pinned implementation is independently verified against: Treatment-only. No unverified inherited behavior enters authority.,Phase −1 inventory closure,NOT_STARTED
CHK-0029,−1,Processes,"Audit, repair, and certify databankresolve",Data,P2,SRV-012,"Current behavior is reproduced, gap is closed to: Projection/reconciliation maintenance. Before/after evidence and rollback are attached.",Phase −1 inventory closure,NOT_STARTED
CHK-0030,−1,Processes,"Audit, repair, and certify mcp",Evidence,P1,SRV-013,"Current behavior is reproduced, gap is closed to: Strict read-only evidence surface. Before/after evidence and rollback are attached.",Phase −1 inventory closure,NOT_STARTED
CHK-0031,−1,Processes,"Audit, repair, and certify gui",Operations,P1,SRV-014,"Current behavior is reproduced, gap is closed to: Read-only by default; controls separately signed. Before/after evidence and rollback are attached.",Phase −1 inventory closure,NOT_STARTED
CHK-0032,−1,Processes,"Audit, repair, and certify prometheus",SRE,P1,SRV-015,"Current behavior is reproduced, gap is closed to: Certified metrics dependency or honest local fallback. Before/after evidence and rollback are attached.",Phase −1 inventory closure,NOT_STARTED
CHK-0033,−1,Processes,Certify and attest venuegateway-$lane,Execution,P0,SRV-016,Pinned implementation is independently verified against: E09 VGP sole raw-credential role. No unverified inherited behavior enters authority.,Phase −1 inventory closure,NOT_STARTED
CHK-0034,−1,Processes,"Audit, repair, and certify exposurefeed-$lane",Risk/Execution,P0,SRV-017,"Current behavior is reproduced, gap is closed to: Authoritative account exposure input to reconciler/risk. Before/after evidence and rollback are attached.",Phase −1 inventory closure,NOT_STARTED
CHK-0035,−1,Processes,"Audit, repair, and certify capskeeper-$lane",Risk,P1,SRV-018,"Current behavior is reproduced, gap is closed to: E08 policy projection only. Before/after evidence and rollback are attached.",Phase −1 inventory closure,NOT_STARTED
CHK-0036,−1,Processes,"Audit, repair, and certify liveoutcomes-$lane",Outcomes,P1,SRV-019,"Current behavior is reproduced, gap is closed to: E10 outcome.v2 publisher from strict v3 facts. Before/after evidence and rollback are attached.",Phase −1 inventory closure,NOT_STARTED
CHK-0037,−1,Processes,"Audit, repair, and certify liveexec-$lane",Risk/Execution,P0,SRV-020,"Current behavior is reproduced, gap is closed to: Transitional orchestrator with contract-separated E07/E08/E09 ownership. Before/after evidence and rollback are attached.",Phase −1 inventory closure,NOT_STARTED
CHK-0038,−1,Processes,"Audit, repair, and certify fillrecorder-$lane",Execution,P0,SRV-021,"Current behavior is reproduced, gap is closed to: Strict fill.v3 authoritative normalizer/recorder. Before/after evidence and rollback are attached.",Phase −1 inventory closure,NOT_STARTED
CHK-0039,−1,Processes,"Audit, repair, and certify reconciler-$lane",Execution,P0,SRV-022,"Current behavior is reproduced, gap is closed to: Authoritative position/protection reconciliation. Before/after evidence and rollback are attached.",Phase −1 inventory closure,NOT_STARTED
CHK-0040,−1,Processes,Certify and attest ttfexport-$lane,Execution evidence,P2,SRV-023,Pinned implementation is independently verified against: Evidence projection only. No unverified inherited behavior enters authority.,Phase −1 inventory closure,NOT_STARTED
CHK-0041,−1,Processes,Implement lease-coordinator,Platform,P0,SRV-024,Target exists as specified: Monotonic producer fencing per authority scope. Automated contract/permission/behavior checks pass; owner and artifact/evidence reference are recorded.,Phase −1 inventory closure,NOT_STARTED
CHK-0042,−1,Processes,Implement replay-runner,ORIGIN,P0,SRV-025,Target exists as specified: Same-code deterministic CLI/batch runner. Automated contract/permission/behavior checks pass; owner and artifact/evidence reference are recorded.,Phase −1 inventory closure,NOT_STARTED
CHK-0043,2,ORIGIN modules,Implement contract_ingress,ORIGIN,P0,MOD-001,Target exists as specified: Contract gate. Automated contract/permission/behavior checks pass; owner and artifact/evidence reference are recorded.,Phase 2 inventory closure,NOT_STARTED
CHK-0044,2,ORIGIN modules,Implement partition_coordinator,ORIGIN,P1,MOD-002,Target exists as specified: Single-writer partition order. Automated contract/permission/behavior checks pass; owner and artifact/evidence reference are recorded.,Phase 2 inventory closure,NOT_STARTED
CHK-0045,2,ORIGIN modules,Implement clock_watermark,ORIGIN,P1,MOD-003,Target exists as specified: Causal clocks/watermarks. Automated contract/permission/behavior checks pass; owner and artifact/evidence reference are recorded.,Phase 2 inventory closure,NOT_STARTED
CHK-0046,2,ORIGIN modules,Implement instrument_math,ORIGIN,P0,MOD-004,Target exists as specified: Integer tick/step algebra. Automated contract/permission/behavior checks pass; owner and artifact/evidence reference are recorded.,Phase 2 inventory closure,NOT_STARTED
CHK-0047,2,ORIGIN modules,Implement feature_primitives,ORIGIN,P1,MOD-005,Target exists as specified: Causal normalized features. Automated contract/permission/behavior checks pass; owner and artifact/evidence reference are recorded.,Phase 2 inventory closure,NOT_STARTED
CHK-0048,2,ORIGIN modules,Implement typed_level_registry,ORIGIN,P1,MOD-006,Target exists as specified: DC/fractal/rolling/equal/session levels. Automated contract/permission/behavior checks pass; owner and artifact/evidence reference are recorded.,Phase 2 inventory closure,NOT_STARTED
CHK-0049,2,ORIGIN modules,Implement structure_state,ORIGIN,P1,MOD-007,Target exists as specified: Protected level and BOS/CHOCH state. Automated contract/permission/behavior checks pass; owner and artifact/evidence reference are recorded.,Phase 2 inventory closure,NOT_STARTED
CHK-0050,2,ORIGIN modules,Implement fvg_registry,ORIGIN,P1,MOD-008,Target exists as specified: FVG lifecycle. Automated contract/permission/behavior checks pass; owner and artifact/evidence reference are recorded.,Phase 2 inventory closure,NOT_STARTED
CHK-0051,2,ORIGIN modules,Implement order_block_registry,ORIGIN,P1,MOD-009,Target exists as specified: OB causal lifecycle. Automated contract/permission/behavior checks pass; owner and artifact/evidence reference are recorded.,Phase 2 inventory closure,NOT_STARTED
CHK-0052,2,ORIGIN modules,Implement excursion_reclaim_registry,ORIGIN,P1,MOD-010,Target exists as specified: Frozen-level reclaim lifecycle. Automated contract/permission/behavior checks pass; owner and artifact/evidence reference are recorded.,Phase 2 inventory closure,NOT_STARTED
CHK-0053,2,ORIGIN modules,Implement flow_atoms,ORIGIN,P1,MOD-011,Target exists as specified: OFI/TFI/tilt/liquidation/exhaustion. Automated contract/permission/behavior checks pass; owner and artifact/evidence reference are recorded.,Phase 2 inventory closure,NOT_STARTED
CHK-0054,2,ORIGIN modules,Implement reaction_engine,ORIGIN,P1,MOD-012,Target exists as specified: Location→geometry evaluation. Automated contract/permission/behavior checks pass; owner and artifact/evidence reference are recorded.,Phase 2 inventory closure,NOT_STARTED
CHK-0055,2,ORIGIN modules,Implement capsule_host,ORIGIN,P1,MOD-013,Target exists as specified: Pure isolated hypothesis runtime. Automated contract/permission/behavior checks pass; owner and artifact/evidence reference are recorded.,Phase 2 inventory closure,NOT_STARTED
CHK-0056,2,ORIGIN modules,Implement opportunity_clusterer,ORIGIN,P1,MOD-014,Target exists as specified: Correlated hypothesis identity. Automated contract/permission/behavior checks pass; owner and artifact/evidence reference are recorded.,Phase 2 inventory closure,NOT_STARTED
CHK-0057,2,ORIGIN modules,Implement candidate_publisher,ORIGIN,P1,MOD-015,Target exists as specified: Immutable candidate/withdrawal. Automated contract/permission/behavior checks pass; owner and artifact/evidence reference are recorded.,Phase 2 inventory closure,NOT_STARTED
CHK-0058,2,ORIGIN modules,Implement state_journal,ORIGIN,P0,MOD-016,Target exists as specified: Append transitions/provenance. Automated contract/permission/behavior checks pass; owner and artifact/evidence reference are recorded.,Phase 2 inventory closure,NOT_STARTED
CHK-0059,2,ORIGIN modules,Implement checkpoint_restore,ORIGIN,P0,MOD-017,Target exists as specified: Versioned deterministic state. Automated contract/permission/behavior checks pass; owner and artifact/evidence reference are recorded.,Phase 2 inventory closure,NOT_STARTED
CHK-0060,2,ORIGIN modules,Implement replay_adapter,ORIGIN,P0,MOD-018,Target exists as specified: Same live/replay transitions. Automated contract/permission/behavior checks pass; owner and artifact/evidence reference are recorded.,Phase 2 inventory closure,NOT_STARTED
CHK-0061,2,ORIGIN modules,Implement evidence_telemetry,ORIGIN,P1,MOD-019,Target exists as specified: Funnel/latency/reason facts. Automated contract/permission/behavior checks pass; owner and artifact/evidence reference are recorded.,Phase 2 inventory closure,NOT_STARTED
CHK-0062,2,ORIGIN modules,Implement health_readface,ORIGIN,P1,MOD-020,Target exists as specified: Read-only readiness/attestation. Automated contract/permission/behavior checks pass; owner and artifact/evidence reference are recorded.,Phase 2 inventory closure,NOT_STARTED
CHK-0063,0,Contracts,Implement market_event.v2,E00,P1,CON-001,Target exists as specified: Signed schema + invariant/golden/compatibility tests. Automated contract/permission/behavior checks pass; owner and artifact/evidence reference are recorded.,Phase 0 inventory closure,NOT_STARTED
CHK-0064,0,Contracts,Implement market_state.v2,E01,P0,CON-002,Target exists as specified: Signed schema + invariant/golden/compatibility tests. Automated contract/permission/behavior checks pass; owner and artifact/evidence reference are recorded.,Phase 0 inventory closure,NOT_STARTED
CHK-0065,0,Contracts,Implement feature_snapshot.v2,ORIGIN/E02,P1,CON-003,Target exists as specified: Signed schema + invariant/golden/compatibility tests. Automated contract/permission/behavior checks pass; owner and artifact/evidence reference are recorded.,Phase 0 inventory closure,NOT_STARTED
CHK-0066,0,Contracts,"Audit, repair, and certify structure_atom.v2",ORIGIN,P0,CON-004,"Current behavior is reproduced, gap is closed to: Signed schema + invariant/golden/compatibility tests. Before/after evidence and rollback are attached.",Phase 0 inventory closure,NOT_STARTED
CHK-0067,0,Contracts,Implement structure_transition.v2,ORIGIN,P1,CON-005,Target exists as specified: Signed schema + invariant/golden/compatibility tests. Automated contract/permission/behavior checks pass; owner and artifact/evidence reference are recorded.,Phase 0 inventory closure,NOT_STARTED
CHK-0068,0,Contracts,Implement reaction_event.v1,ORIGIN,P1,CON-006,Target exists as specified: Signed schema + invariant/golden/compatibility tests. Automated contract/permission/behavior checks pass; owner and artifact/evidence reference are recorded.,Phase 0 inventory closure,NOT_STARTED
CHK-0069,0,Contracts,Implement edge_candidate.v2,ORIGIN,P0,CON-007,Target exists as specified: Signed schema + invariant/golden/compatibility tests. Automated contract/permission/behavior checks pass; owner and artifact/evidence reference are recorded.,Phase 0 inventory closure,NOT_STARTED
CHK-0070,0,Contracts,Implement edge_candidate_transition.v1,ORIGIN,P1,CON-008,Target exists as specified: Signed schema + invariant/golden/compatibility tests. Automated contract/permission/behavior checks pass; owner and artifact/evidence reference are recorded.,Phase 0 inventory closure,NOT_STARTED
CHK-0071,0,Contracts,"Audit, repair, and certify decision.v2",E07,P1,CON-009,"Current behavior is reproduced, gap is closed to: Signed schema + invariant/golden/compatibility tests. Before/after evidence and rollback are attached.",Phase 0 inventory closure,NOT_STARTED
CHK-0072,0,Contracts,Implement risk_decision.v2,E08,P0,CON-010,Target exists as specified: Signed schema + invariant/golden/compatibility tests. Automated contract/permission/behavior checks pass; owner and artifact/evidence reference are recorded.,Phase 0 inventory closure,NOT_STARTED
CHK-0073,0,Contracts,Implement risk_reservation.v1,E08,P1,CON-011,Target exists as specified: Signed schema + invariant/golden/compatibility tests. Automated contract/permission/behavior checks pass; owner and artifact/evidence reference are recorded.,Phase 0 inventory closure,NOT_STARTED
CHK-0074,0,Contracts,Implement execution_authorization.v2,E08,P0,CON-012,Target exists as specified: Signed schema + invariant/golden/compatibility tests. Automated contract/permission/behavior checks pass; owner and artifact/evidence reference are recorded.,Phase 0 inventory closure,NOT_STARTED
CHK-0075,0,Contracts,Implement emergency_exit_authorization.v1,E08/E09 policy,P1,CON-013,Target exists as specified: Signed schema + invariant/golden/compatibility tests. Automated contract/permission/behavior checks pass; owner and artifact/evidence reference are recorded.,Phase 0 inventory closure,NOT_STARTED
CHK-0076,0,Contracts,Implement execution_cmd.v2,E09,P1,CON-014,Target exists as specified: Signed schema + invariant/golden/compatibility tests. Automated contract/permission/behavior checks pass; owner and artifact/evidence reference are recorded.,Phase 0 inventory closure,NOT_STARTED
CHK-0077,0,Contracts,"Audit, repair, and certify order_event.v2",E09,P1,CON-015,"Current behavior is reproduced, gap is closed to: Signed schema + invariant/golden/compatibility tests. Before/after evidence and rollback are attached.",Phase 0 inventory closure,NOT_STARTED
CHK-0078,0,Contracts,"Audit, repair, and certify fill.v3",E09,P0,CON-016,"Current behavior is reproduced, gap is closed to: Signed schema + invariant/golden/compatibility tests. Before/after evidence and rollback are attached.",Phase 0 inventory closure,NOT_STARTED
CHK-0079,0,Contracts,Implement venue_account_event.v2,E09,P1,CON-017,Target exists as specified: Signed schema + invariant/golden/compatibility tests. Automated contract/permission/behavior checks pass; owner and artifact/evidence reference are recorded.,Phase 0 inventory closure,NOT_STARTED
CHK-0080,0,Contracts,Implement position_event.v2,E09,P1,CON-018,Target exists as specified: Signed schema + invariant/golden/compatibility tests. Automated contract/permission/behavior checks pass; owner and artifact/evidence reference are recorded.,Phase 0 inventory closure,NOT_STARTED
CHK-0081,0,Contracts,Implement protection_event.v2,E09,P1,CON-019,Target exists as specified: Signed schema + invariant/golden/compatibility tests. Automated contract/permission/behavior checks pass; owner and artifact/evidence reference are recorded.,Phase 0 inventory closure,NOT_STARTED
CHK-0082,0,Contracts,"Audit, repair, and certify outcome.v2",E10,P1,CON-020,"Current behavior is reproduced, gap is closed to: Signed schema + invariant/golden/compatibility tests. Before/after evidence and rollback are attached.",Phase 0 inventory closure,NOT_STARTED
CHK-0083,0,Contracts,Implement trial_registration.v1,Governance,P1,CON-021,Target exists as specified: Signed schema + invariant/golden/compatibility tests. Automated contract/permission/behavior checks pass; owner and artifact/evidence reference are recorded.,Phase 0 inventory closure,NOT_STARTED
CHK-0084,0,Contracts,Implement divergence_record.v1,Evidence,P1,CON-022,Target exists as specified: Signed schema + invariant/golden/compatibility tests. Automated contract/permission/behavior checks pass; owner and artifact/evidence reference are recorded.,Phase 0 inventory closure,NOT_STARTED
CHK-0085,0,Contracts,Implement producer_lease.v1,Platform,P0,CON-023,Target exists as specified: Signed schema + invariant/golden/compatibility tests. Automated contract/permission/behavior checks pass; owner and artifact/evidence reference are recorded.,Phase 0 inventory closure,NOT_STARTED
CHK-0086,0,Contracts,Implement engine_attestation.v1,Every producer,P1,CON-024,Target exists as specified: Signed schema + invariant/golden/compatibility tests. Automated contract/permission/behavior checks pass; owner and artifact/evidence reference are recorded.,Phase 0 inventory closure,NOT_STARTED
CHK-0087,0,Contracts,Implement service_heartbeat.v1,Every producer,P1,CON-025,Target exists as specified: Signed schema + invariant/golden/compatibility tests. Automated contract/permission/behavior checks pass; owner and artifact/evidence reference are recorded.,Phase 0 inventory closure,NOT_STARTED
CHK-0088,0,Contracts,Implement contract_bundle.manifest.v1,Contracts,P1,CON-026,Target exists as specified: Signed schema + invariant/golden/compatibility tests. Automated contract/permission/behavior checks pass; owner and artifact/evidence reference are recorded.,Phase 0 inventory closure,NOT_STARTED
CHK-0089,0,Contracts,Implement activation_manifest.v1,Governance,P0,CON-027,Target exists as specified: Signed schema + invariant/golden/compatibility tests. Automated contract/permission/behavior checks pass; owner and artifact/evidence reference are recorded.,Phase 0 inventory closure,NOT_STARTED
CHK-0090,0,Contracts,Implement compatibility_manifest.v1,Contracts,P1,CON-028,Target exists as specified: Signed schema + invariant/golden/compatibility tests. Automated contract/permission/behavior checks pass; owner and artifact/evidence reference are recorded.,Phase 0 inventory closure,NOT_STARTED
CHK-0091,0,Contracts,Implement quarantine_record.v1,Boundary owner,P1,CON-029,Target exists as specified: Signed schema + invariant/golden/compatibility tests. Automated contract/permission/behavior checks pass; owner and artifact/evidence reference are recorded.,Phase 0 inventory closure,NOT_STARTED
CHK-0092,0,Contracts,Implement replay_receipt.v1,Replay,P1,CON-030,Target exists as specified: Signed schema + invariant/golden/compatibility tests. Automated contract/permission/behavior checks pass; owner and artifact/evidence reference are recorded.,Phase 0 inventory closure,NOT_STARTED
CHK-0093,0,Topics,Implement market.events.v2,E00,P0,TOP-001,Target exists as specified: File-ledger binding first; optional certified JetStream binding. Automated contract/permission/behavior checks pass; owner and artifact/evidence reference are recorded.,Phase 0 inventory closure,NOT_STARTED
CHK-0094,0,Topics,Implement market.state.v2,E01,P0,TOP-002,Target exists as specified: File-ledger binding first; optional certified JetStream binding. Automated contract/permission/behavior checks pass; owner and artifact/evidence reference are recorded.,Phase 0 inventory closure,NOT_STARTED
CHK-0095,0,Topics,Implement features.v2,ORIGIN/E02,P1,TOP-003,Target exists as specified: File-ledger binding first; optional certified JetStream binding. Automated contract/permission/behavior checks pass; owner and artifact/evidence reference are recorded.,Phase 0 inventory closure,NOT_STARTED
CHK-0096,0,Topics,Implement structures.v2,ORIGIN,P1,TOP-004,Target exists as specified: File-ledger binding first; optional certified JetStream binding. Automated contract/permission/behavior checks pass; owner and artifact/evidence reference are recorded.,Phase 0 inventory closure,NOT_STARTED
CHK-0097,0,Topics,Implement structure.lifecycle.v2,ORIGIN,P1,TOP-005,Target exists as specified: File-ledger binding first; optional certified JetStream binding. Automated contract/permission/behavior checks pass; owner and artifact/evidence reference are recorded.,Phase 0 inventory closure,NOT_STARTED
CHK-0098,0,Topics,Implement edge.candidates.v2.control,Legacy bridge,P1,TOP-006,Target exists as specified: File-ledger binding first; optional certified JetStream binding. Automated contract/permission/behavior checks pass; owner and artifact/evidence reference are recorded.,Phase 0 inventory closure,NOT_STARTED
CHK-0099,0,Topics,Implement edge.candidates.v2.treatment,ORIGIN,P0,TOP-007,Target exists as specified: File-ledger binding first; optional certified JetStream binding. Automated contract/permission/behavior checks pass; owner and artifact/evidence reference are recorded.,Phase 0 inventory closure,NOT_STARTED
CHK-0100,0,Topics,Implement edge.divergence.v1,Comparator,P1,TOP-008,Target exists as specified: File-ledger binding first; optional certified JetStream binding. Automated contract/permission/behavior checks pass; owner and artifact/evidence reference are recorded.,Phase 0 inventory closure,NOT_STARTED
CHK-0101,0,Topics,Implement edge.authority.v1,Authority router,P1,TOP-009,Target exists as specified: File-ledger binding first; optional certified JetStream binding. Automated contract/permission/behavior checks pass; owner and artifact/evidence reference are recorded.,Phase 0 inventory closure,NOT_STARTED
CHK-0102,0,Topics,Implement decisions.v2,E07,P1,TOP-010,Target exists as specified: File-ledger binding first; optional certified JetStream binding. Automated contract/permission/behavior checks pass; owner and artifact/evidence reference are recorded.,Phase 0 inventory closure,NOT_STARTED
CHK-0103,0,Topics,Implement risk.decisions.v2,E08,P0,TOP-011,Target exists as specified: File-ledger binding first; optional certified JetStream binding. Automated contract/permission/behavior checks pass; owner and artifact/evidence reference are recorded.,Phase 0 inventory closure,NOT_STARTED
CHK-0104,0,Topics,Implement risk.reservations.v1,E08,P1,TOP-012,Target exists as specified: File-ledger binding first; optional certified JetStream binding. Automated contract/permission/behavior checks pass; owner and artifact/evidence reference are recorded.,Phase 0 inventory closure,NOT_STARTED
CHK-0105,0,Topics,Implement execution.authorizations.v2,E08,P1,TOP-013,Target exists as specified: File-ledger binding first; optional certified JetStream binding. Automated contract/permission/behavior checks pass; owner and artifact/evidence reference are recorded.,Phase 0 inventory closure,NOT_STARTED
CHK-0106,0,Topics,Implement execution.commands.v2,E09,P1,TOP-014,Target exists as specified: File-ledger binding first; optional certified JetStream binding. Automated contract/permission/behavior checks pass; owner and artifact/evidence reference are recorded.,Phase 0 inventory closure,NOT_STARTED
CHK-0107,0,Topics,Implement execution.orders.v2,E09,P1,TOP-015,Target exists as specified: File-ledger binding first; optional certified JetStream binding. Automated contract/permission/behavior checks pass; owner and artifact/evidence reference are recorded.,Phase 0 inventory closure,NOT_STARTED
CHK-0108,0,Topics,Implement execution.fills.v3,E09,P0,TOP-016,Target exists as specified: File-ledger binding first; optional certified JetStream binding. Automated contract/permission/behavior checks pass; owner and artifact/evidence reference are recorded.,Phase 0 inventory closure,NOT_STARTED
CHK-0109,0,Topics,Implement venue.account.events.v2,VGP,P1,TOP-017,Target exists as specified: File-ledger binding first; optional certified JetStream binding. Automated contract/permission/behavior checks pass; owner and artifact/evidence reference are recorded.,Phase 0 inventory closure,NOT_STARTED
CHK-0110,0,Topics,Implement positions.v2,Reconciler,P1,TOP-018,Target exists as specified: File-ledger binding first; optional certified JetStream binding. Automated contract/permission/behavior checks pass; owner and artifact/evidence reference are recorded.,Phase 0 inventory closure,NOT_STARTED
CHK-0111,0,Topics,Implement protections.v2,Protection owner,P1,TOP-019,Target exists as specified: File-ledger binding first; optional certified JetStream binding. Automated contract/permission/behavior checks pass; owner and artifact/evidence reference are recorded.,Phase 0 inventory closure,NOT_STARTED
CHK-0112,0,Topics,Implement outcomes.v2,E10,P1,TOP-020,Target exists as specified: File-ledger binding first; optional certified JetStream binding. Automated contract/permission/behavior checks pass; owner and artifact/evidence reference are recorded.,Phase 0 inventory closure,NOT_STARTED
CHK-0113,0,Topics,Implement producer.leases.v1,Lease coordinator,P0,TOP-021,Target exists as specified: File-ledger binding first; optional certified JetStream binding. Automated contract/permission/behavior checks pass; owner and artifact/evidence reference are recorded.,Phase 0 inventory closure,NOT_STARTED
CHK-0114,0,Topics,Implement runtime.lifecycle.v2,Every service,P1,TOP-022,Target exists as specified: File-ledger binding first; optional certified JetStream binding. Automated contract/permission/behavior checks pass; owner and artifact/evidence reference are recorded.,Phase 0 inventory closure,NOT_STARTED
CHK-0115,0,Topics,Implement quarantine.v1.<source>,Boundary,P1,TOP-023,Target exists as specified: File-ledger binding first; optional certified JetStream binding. Automated contract/permission/behavior checks pass; owner and artifact/evidence reference are recorded.,Phase 0 inventory closure,NOT_STARTED
CHK-0116,0,Topics,Implement dlq.v1.<topic>,Transport,P1,TOP-024,Target exists as specified: File-ledger binding first; optional certified JetStream binding. Automated contract/permission/behavior checks pass; owner and artifact/evidence reference are recorded.,Phase 0 inventory closure,NOT_STARTED
CHK-0117,0,Topics,"Audit, repair, and certify market.events",Estate owner,P1,TOP-025,"Current behavior is reproduced, gap is closed to: Inventory writer/reader/retention and bridge or retirement. Before/after evidence and rollback are attached.",Phase 0 inventory closure,NOT_STARTED
CHK-0118,0,Topics,"Audit, repair, and certify context.packets",Estate owner,P1,TOP-026,"Current behavior is reproduced, gap is closed to: Inventory writer/reader/retention and bridge or retirement. Before/after evidence and rollback are attached.",Phase 0 inventory closure,NOT_STARTED
CHK-0119,0,Topics,"Audit, repair, and certify candidates",Estate owner,P1,TOP-027,"Current behavior is reproduced, gap is closed to: Inventory writer/reader/retention and bridge or retirement. Before/after evidence and rollback are attached.",Phase 0 inventory closure,NOT_STARTED
CHK-0120,0,Topics,"Audit, repair, and certify candidates.shadow",Current owner TBD,P1,TOP-028,"Current behavior is reproduced, gap is closed to: Inventory writer/reader/retention and bridge or retirement. Before/after evidence and rollback are attached.",Phase 0 inventory closure,NOT_STARTED
CHK-0121,0,Topics,"Audit, repair, and certify decisions",Estate owner,P1,TOP-029,"Current behavior is reproduced, gap is closed to: Inventory writer/reader/retention and bridge or retirement. Before/after evidence and rollback are attached.",Phase 0 inventory closure,NOT_STARTED
CHK-0122,0,Topics,"Audit, repair, and certify refusals",Estate owner,P1,TOP-030,"Current behavior is reproduced, gap is closed to: Inventory writer/reader/retention and bridge or retirement. Before/after evidence and rollback are attached.",Phase 0 inventory closure,NOT_STARTED
CHK-0123,0,Topics,"Audit, repair, and certify intents",Estate owner,P1,TOP-031,"Current behavior is reproduced, gap is closed to: Inventory writer/reader/retention and bridge or retirement. Before/after evidence and rollback are attached.",Phase 0 inventory closure,NOT_STARTED
CHK-0124,0,Topics,"Audit, repair, and certify orders",Estate owner,P1,TOP-032,"Current behavior is reproduced, gap is closed to: Inventory writer/reader/retention and bridge or retirement. Before/after evidence and rollback are attached.",Phase 0 inventory closure,NOT_STARTED
CHK-0125,0,Topics,"Audit, repair, and certify exits.fast",Estate owner,P1,TOP-033,"Current behavior is reproduced, gap is closed to: Inventory writer/reader/retention and bridge or retirement. Before/after evidence and rollback are attached.",Phase 0 inventory closure,NOT_STARTED
CHK-0126,0,Topics,"Audit, repair, and certify fills",Estate owner,P1,TOP-034,"Current behavior is reproduced, gap is closed to: Inventory writer/reader/retention and bridge or retirement. Before/after evidence and rollback are attached.",Phase 0 inventory closure,NOT_STARTED
CHK-0127,0,Topics,"Audit, repair, and certify live_placements",Estate owner,P1,TOP-035,"Current behavior is reproduced, gap is closed to: Inventory writer/reader/retention and bridge or retirement. Before/after evidence and rollback are attached.",Phase 0 inventory closure,NOT_STARTED
CHK-0128,0,Topics,"Audit, repair, and certify live_fills",Estate owner,P1,TOP-036,"Current behavior is reproduced, gap is closed to: Inventory writer/reader/retention and bridge or retirement. Before/after evidence and rollback are attached.",Phase 0 inventory closure,NOT_STARTED
CHK-0129,0,Topics,"Audit, repair, and certify outcomes",Estate owner,P1,TOP-037,"Current behavior is reproduced, gap is closed to: Inventory writer/reader/retention and bridge or retirement. Before/after evidence and rollback are attached.",Phase 0 inventory closure,NOT_STARTED
CHK-0130,0,Topics,"Audit, repair, and certify exec_journal.jsonl",Estate owner,P1,TOP-038,"Current behavior is reproduced, gap is closed to: Inventory writer/reader/retention and bridge or retirement. Before/after evidence and rollback are attached.",Phase 0 inventory closure,NOT_STARTED
CHK-0131,0,Topics,"Audit, repair, and certify judged_live",Estate owner,P1,TOP-039,"Current behavior is reproduced, gap is closed to: Inventory writer/reader/retention and bridge or retirement. Before/after evidence and rollback are attached.",Phase 0 inventory closure,NOT_STARTED
CHK-0132,0,Topics,"Audit, repair, and certify live_outcomes",Estate owner,P1,TOP-040,"Current behavior is reproduced, gap is closed to: Inventory writer/reader/retention and bridge or retirement. Before/after evidence and rollback are attached.",Phase 0 inventory closure,NOT_STARTED
CHK-0133,0,Topics,"Audit, repair, and certify structure_atom",Estate owner,P1,TOP-041,"Current behavior is reproduced, gap is closed to: Inventory writer/reader/retention and bridge or retirement. Before/after evidence and rollback are attached.",Phase 0 inventory closure,NOT_STARTED
CHK-0134,0,Topics,"Audit, repair, and certify detector_route_heartbeat",Estate owner,P1,TOP-042,"Current behavior is reproduced, gap is closed to: Inventory writer/reader/retention and bridge or retirement. Before/after evidence and rollback are attached.",Phase 0 inventory closure,NOT_STARTED
CHK-0135,0,Topics,"Audit, repair, and certify judge_trace",Current owner TBD,P1,TOP-043,"Current behavior is reproduced, gap is closed to: Inventory writer/reader/retention and bridge or retirement. Before/after evidence and rollback are attached.",Phase 0 inventory closure,NOT_STARTED
CHK-0136,0,Topics,"Audit, repair, and certify money_path_result",Estate owner,P1,TOP-044,"Current behavior is reproduced, gap is closed to: Inventory writer/reader/retention and bridge or retirement. Before/after evidence and rollback are attached.",Phase 0 inventory closure,NOT_STARTED
CHK-0137,0,Configuration,"Audit, repair, and certify active_matrix.v1.json",Config owner TBD,P0,CFG-001,"Current behavior is reproduced, gap is closed to: Pin, hash, assign owner; bridge or supersede. Before/after evidence and rollback are attached.",Phase 0 inventory closure,NOT_STARTED
CHK-0138,0,Configuration,"Audit, repair, and certify geometry.v1.json",Config owner TBD,P1,CFG-002,"Current behavior is reproduced, gap is closed to: Pin, hash, assign owner; bridge or supersede. Before/after evidence and rollback are attached.",Phase 0 inventory closure,NOT_STARTED
CHK-0139,0,Configuration,"Audit, repair, and certify regimes.v1.json",Config owner TBD,P1,CFG-003,"Current behavior is reproduced, gap is closed to: Pin, hash, assign owner; bridge or supersede. Before/after evidence and rollback are attached.",Phase 0 inventory closure,NOT_STARTED
CHK-0140,0,Configuration,"Audit, repair, and certify symbols.v1.json",Config owner TBD,P1,CFG-004,"Current behavior is reproduced, gap is closed to: Pin, hash, assign owner; bridge or supersede. Before/after evidence and rollback are attached.",Phase 0 inventory closure,NOT_STARTED
CHK-0141,0,Configuration,"Audit, repair, and certify fee_model.v1",Config owner TBD,P1,CFG-005,"Current behavior is reproduced, gap is closed to: Pin, hash, assign owner; bridge or supersede. Before/after evidence and rollback are attached.",Phase 0 inventory closure,NOT_STARTED
CHK-0142,0,Configuration,"Audit, repair, and certify Engine limit_config.v1",Config owner TBD,P0,CFG-006,"Current behavior is reproduced, gap is closed to: Pin, hash, assign owner; bridge or supersede. Before/after evidence and rollback are attached.",Phase 0 inventory closure,NOT_STARTED
CHK-0143,0,Configuration,"Audit, repair, and certify Executor limit_config.v1",Config owner TBD,P0,CFG-007,"Current behavior is reproduced, gap is closed to: Pin, hash, assign owner; bridge or supersede. Before/after evidence and rollback are attached.",Phase 0 inventory closure,NOT_STARTED
CHK-0144,0,Configuration,"Audit, repair, and certify latency_budgets.v1",Config owner TBD,P1,CFG-008,"Current behavior is reproduced, gap is closed to: Pin, hash, assign owner; bridge or supersede. Before/after evidence and rollback are attached.",Phase 0 inventory closure,NOT_STARTED
CHK-0145,0,Configuration,"Audit, repair, and certify staleness_bounds.v1",Config owner TBD,P1,CFG-009,"Current behavior is reproduced, gap is closed to: Pin, hash, assign owner; bridge or supersede. Before/after evidence and rollback are attached.",Phase 0 inventory closure,NOT_STARTED
CHK-0146,0,Configuration,"Audit, repair, and certify bus_map.v1.json",Config owner TBD,P1,CFG-010,"Current behavior is reproduced, gap is closed to: Pin, hash, assign owner; bridge or supersede. Before/after evidence and rollback are attached.",Phase 0 inventory closure,NOT_STARTED
CHK-0147,0,Configuration,"Audit, repair, and certify run_stack.sh environment flags",Config owner TBD,P1,CFG-011,"Current behavior is reproduced, gap is closed to: Pin, hash, assign owner; bridge or supersede. Before/after evidence and rollback are attached.",Phase 0 inventory closure,NOT_STARTED
CHK-0148,0,Configuration,Drain and retire live.env,Config owner TBD,P0,CFG-012,"No active producer, consumer, credential, config, runbook or deployment depends on the item; retained evidence is archived and replacement 'Pin, hash, assign owner; bridge or supersede' is proven.",Phase 0 inventory closure,NOT_STARTED
CHK-0149,0,Configuration,Implement capsules.v1.yaml,ORIGIN,P0,CFG-013,"Target exists as specified: Signed canonical artifact with schema, owner and change control. Automated contract/permission/behavior checks pass; owner and artifact/evidence reference are recorded.",Phase 0 inventory closure,NOT_STARTED
CHK-0150,0,Configuration,Implement geometry.v2.yaml,ORIGIN,P0,CFG-014,"Target exists as specified: Signed canonical artifact with schema, owner and change control. Automated contract/permission/behavior checks pass; owner and artifact/evidence reference are recorded.",Phase 0 inventory closure,NOT_STARTED
CHK-0151,0,Configuration,Implement lifecycle.v1.yaml,ORIGIN,P1,CFG-015,"Target exists as specified: Signed canonical artifact with schema, owner and change control. Automated contract/permission/behavior checks pass; owner and artifact/evidence reference are recorded.",Phase 0 inventory closure,NOT_STARTED
CHK-0152,0,Configuration,Implement regime_eligibility.v2.yaml,E07,P1,CFG-016,"Target exists as specified: Signed canonical artifact with schema, owner and change control. Automated contract/permission/behavior checks pass; owner and artifact/evidence reference are recorded.",Phase 0 inventory closure,NOT_STARTED
CHK-0153,0,Configuration,Implement symbols.v2.yaml,Instrument owner,P1,CFG-017,"Target exists as specified: Signed canonical artifact with schema, owner and change control. Automated contract/permission/behavior checks pass; owner and artifact/evidence reference are recorded.",Phase 0 inventory closure,NOT_STARTED
CHK-0154,0,Configuration,Implement staleness_bounds.v2.yaml,Data/Risk,P1,CFG-018,"Target exists as specified: Signed canonical artifact with schema, owner and change control. Automated contract/permission/behavior checks pass; owner and artifact/evidence reference are recorded.",Phase 0 inventory closure,NOT_STARTED
CHK-0155,0,Configuration,Implement latency_budgets.v2.yaml,SRE,P1,CFG-019,"Target exists as specified: Signed canonical artifact with schema, owner and change control. Automated contract/permission/behavior checks pass; owner and artifact/evidence reference are recorded.",Phase 0 inventory closure,NOT_STARTED
CHK-0156,0,Configuration,Implement risk_policy.v2.yaml,E08,P0,CFG-020,"Target exists as specified: Signed canonical artifact with schema, owner and change control. Automated contract/permission/behavior checks pass; owner and artifact/evidence reference are recorded.",Phase 0 inventory closure,NOT_STARTED
CHK-0157,0,Configuration,Implement exit_policy.v2.yaml,E08/E09,P0,CFG-021,"Target exists as specified: Signed canonical artifact with schema, owner and change control. Automated contract/permission/behavior checks pass; owner and artifact/evidence reference are recorded.",Phase 0 inventory closure,NOT_STARTED
CHK-0158,0,Configuration,Implement transport_bindings.v1.yaml,Platform,P1,CFG-022,"Target exists as specified: Signed canonical artifact with schema, owner and change control. Automated contract/permission/behavior checks pass; owner and artifact/evidence reference are recorded.",Phase 0 inventory closure,NOT_STARTED
CHK-0159,0,Configuration,Implement activation_manifest.v1.json,Governance,P0,CFG-023,"Target exists as specified: Signed canonical artifact with schema, owner and change control. Automated contract/permission/behavior checks pass; owner and artifact/evidence reference are recorded.",Phase 0 inventory closure,NOT_STARTED
CHK-0160,0,Configuration,Implement treatment_manifest.v1.json,Experiment owner,P1,CFG-024,"Target exists as specified: Signed canonical artifact with schema, owner and change control. Automated contract/permission/behavior checks pass; owner and artifact/evidence reference are recorded.",Phase 0 inventory closure,NOT_STARTED
CHK-0161,0,Configuration,Implement rollback_manifest.v1.json,Operations,P1,CFG-025,"Target exists as specified: Signed canonical artifact with schema, owner and change control. Automated contract/permission/behavior checks pass; owner and artifact/evidence reference are recorded.",Phase 0 inventory closure,NOT_STARTED
CHK-0162,0,Configuration,Implement secret_allowlist.v1.yaml,Security,P0,CFG-026,"Target exists as specified: Signed canonical artifact with schema, owner and change control. Automated contract/permission/behavior checks pass; owner and artifact/evidence reference are recorded.",Phase 0 inventory closure,NOT_STARTED
CHK-0163,0,Configuration,Implement compatibility_manifest.v1.json,Contracts,P1,CFG-027,"Target exists as specified: Signed canonical artifact with schema, owner and change control. Automated contract/permission/behavior checks pass; owner and artifact/evidence reference are recorded.",Phase 0 inventory closure,NOT_STARTED
CHK-0164,0,Storage & data,Certify and attest Raw venue-byte ledger,Data,P0,DAT-001,Pinned implementation is independently verified against: Sealed hash-chained raw segments + archive. No unverified inherited behavior enters authority.,Phase 0 inventory closure,NOT_STARTED
CHK-0165,0,Storage & data,"Audit, repair, and certify Normalized market-event ledger",Data,P0,DAT-002,"Current behavior is reproduced, gap is closed to: v2 event journal with offsets/quality. Before/after evidence and rollback are attached.",Phase 0 inventory closure,NOT_STARTED
CHK-0166,0,Storage & data,Implement Market-state journal,E01,P0,DAT-003,Target exists as specified: Append v2 revisions + latest projection. Automated contract/permission/behavior checks pass; owner and artifact/evidence reference are recorded.,Phase 0 inventory closure,NOT_STARTED
CHK-0167,0,Storage & data,Implement ORIGIN structure journal,ORIGIN,P0,DAT-004,Target exists as specified: v2 atoms + transitions. Automated contract/permission/behavior checks pass; owner and artifact/evidence reference are recorded.,Phase 0 inventory closure,NOT_STARTED
CHK-0168,0,Storage & data,Implement ORIGIN checkpoint store,ORIGIN,P0,DAT-005,Target exists as specified: Versioned checksummed per partition. Automated contract/permission/behavior checks pass; owner and artifact/evidence reference are recorded.,Phase 0 inventory closure,NOT_STARTED
CHK-0169,0,Storage & data,Implement Candidate control/treatment ledgers,Platform,P0,DAT-006,Target exists as specified: Physically separate v2 journals. Automated contract/permission/behavior checks pass; owner and artifact/evidence reference are recorded.,Phase 0 inventory closure,NOT_STARTED
CHK-0170,0,Storage & data,Implement Divergence corpus,Evidence,P1,DAT-007,Target exists as specified: Immutable per-offset diff records. Automated contract/permission/behavior checks pass; owner and artifact/evidence reference are recorded.,Phase 0 inventory closure,NOT_STARTED
CHK-0171,0,Storage & data,Implement Producer lease ledger,Platform,P0,DAT-008,Target exists as specified: Permanent fencing/audit log. Automated contract/permission/behavior checks pass; owner and artifact/evidence reference are recorded.,Phase 0 inventory closure,NOT_STARTED
CHK-0172,0,Storage & data,"Audit, repair, and certify Strict money ledgers",Execution/E10,P0,DAT-009,"Current behavior is reproduced, gap is closed to: order/fill.v3/account/position/protection/outcome. Before/after evidence and rollback are attached.",Phase 0 inventory closure,NOT_STARTED
CHK-0173,0,Storage & data,Implement Quarantine ledger,Boundary owners,P0,DAT-010,Target exists as specified: Per-source raw ref + rejection. Automated contract/permission/behavior checks pass; owner and artifact/evidence reference are recorded.,Phase 0 inventory closure,NOT_STARTED
CHK-0174,0,Storage & data,"Audit, repair, and certify DTBNK live projections",Data,P1,DAT-011,"Current behavior is reproduced, gap is closed to: Derived only from authoritative ledgers. Before/after evidence and rollback are attached.",Phase 0 inventory closure,NOT_STARTED
CHK-0175,0,Storage & data,Resolve blocker for shadow.cf_trades,Data,P0,DAT-012,"Named owner supplies decision or evidence, updates the register, and proves: Owner/migration proven or dependence removed. Dependent route remains fail-closed until then.",Phase 0 inventory closure,NOT_STARTED
CHK-0176,0,Storage & data,Register deferment and isolate common.liq_5m,Data,P2,DAT-013,"Deferred scope, rationale, owner, re-entry gate and dependency isolation are recorded; first-wave artifacts do not depend on it. Target: Honest null or certified producer.",Phase 0 inventory closure,NOT_STARTED
CHK-0177,0,Storage & data,Implement Golden replay corpus,Validation,P0,DAT-014,Target exists as specified: Versioned exact/approximate corpora. Automated contract/permission/behavior checks pass; owner and artifact/evidence reference are recorded.,Phase 0 inventory closure,NOT_STARTED
CHK-0178,0,Storage & data,Implement Replay receipt bank,Validation,P0,DAT-015,Target exists as specified: Immutable receipts and hashes. Automated contract/permission/behavior checks pass; owner and artifact/evidence reference are recorded.,Phase 0 inventory closure,NOT_STARTED
CHK-0179,0,Storage & data,Implement Trial registry,Governance,P0,DAT-016,Target exists as specified: Permanent preregistration and result-access ledger. Automated contract/permission/behavior checks pass; owner and artifact/evidence reference are recorded.,Phase 0 inventory closure,NOT_STARTED
CHK-0180,0,Storage & data,Implement Promotion evidence bank,Governance,P1,DAT-017,Target exists as specified: Signed gate receipts and decisions. Automated contract/permission/behavior checks pass; owner and artifact/evidence reference are recorded.,Phase 0 inventory closure,NOT_STARTED
CHK-0181,0,Storage & data,Register deferment and isolate Object-store archive,Data/SRE,P2,DAT-018,"Deferred scope, rationale, owner, re-entry gate and dependency isolation are recorded; first-wave artifacts do not depend on it. Target: Optional sealed segment/golden corpus archive.",Phase 0 inventory closure,NOT_STARTED
CHK-0182,1,Venue & ingress,"Audit, repair, and certify WebSocket /public pool",Data,P0,VEN-001,"Current behavior is reproduced, gap is closed to: Separate depth/bookTicker pool. Before/after evidence and rollback are attached.",Phase 1 inventory closure,NOT_STARTED
CHK-0183,1,Venue & ingress,"Audit, repair, and certify WebSocket /market pool",Data,P0,VEN-002,"Current behavior is reproduced, gap is closed to: Separate aggTrade/mark/kline pool. Before/after evidence and rollback are attached.",Phase 1 inventory closure,NOT_STARTED
CHK-0184,1,Venue & ingress,"Audit, repair, and certify WebSocket /private pool",Execution,P0,VEN-003,"Current behavior is reproduced, gap is closed to: Separate user/account pool. Before/after evidence and rollback are attached.",Phase 1 inventory closure,NOT_STARTED
CHK-0185,1,Venue & ingress,Implement Stream manifest,Data,P0,VEN-004,Target exists as specified: Per-stream route/parser/coverage/freshness law. Automated contract/permission/behavior checks pass; owner and artifact/evidence reference are recorded.,Phase 1 inventory closure,NOT_STARTED
CHK-0186,1,Venue & ingress,Implement 24-hour handover,Data,P0,VEN-005,Target exists as specified: Scheduled overlap/dedupe before forced close. Automated contract/permission/behavior checks pass; owner and artifact/evidence reference are recorded.,Phase 1 inventory closure,NOT_STARTED
CHK-0187,1,Venue & ingress,"Audit, repair, and certify Ping/pong handler",Data,P1,VEN-006,"Current behavior is reproduced, gap is closed to: 3m ping/10m pong current rule. Before/after evidence and rollback are attached.",Phase 1 inventory closure,NOT_STARTED
CHK-0188,1,Venue & ingress,Implement Control-message limiter,Data,P1,VEN-007,Target exists as specified: ≤10 incoming client messages/s. Automated contract/permission/behavior checks pass; owner and artifact/evidence reference are recorded.,Phase 1 inventory closure,NOT_STARTED
CHK-0189,1,Venue & ingress,Implement Stream-count sharding,Data,P1,VEN-008,Target exists as specified: ≤1024 streams/connection. Automated contract/permission/behavior checks pass; owner and artifact/evidence reference are recorded.,Phase 1 inventory closure,NOT_STARTED
CHK-0190,1,Venue & ingress,"Audit, repair, and certify Listen-key renewal",Execution,P0,VEN-009,"Current behavior is reproduced, gap is closed to: Renew/recreate before expiry; detect expired. Before/after evidence and rollback are attached.",Phase 1 inventory closure,NOT_STARTED
CHK-0191,1,Venue & ingress,"Audit, repair, and certify Local depth book",E01,P0,VEN-010,"Current behavior is reproduced, gap is closed to: Exact snapshot + U/u/pu + absolute qty. Before/after evidence and rollback are attached.",Phase 1 inventory closure,NOT_STARTED
CHK-0192,1,Venue & ingress,Certify and attest exchangeInfo registry,Execution/Data,P0,VEN-011,Pinned implementation is independently verified against: Versioned refresh and fail-close metadata. No unverified inherited behavior enters authority.,Phase 1 inventory closure,NOT_STARTED
CHK-0193,1,Venue & ingress,Certify and attest Binance Algo Service,Execution,P0,VEN-012,Pinned implementation is independently verified against: Retain; consume ALGO_UPDATE and reconcile. No unverified inherited behavior enters authority.,Phase 1 inventory closure,NOT_STARTED
CHK-0194,1,Venue & ingress,"Audit, repair, and certify Unknown 503 reconciliation",Execution,P0,VEN-013,"Current behavior is reproduced, gap is closed to: No blind retry; stream/query resolution. Before/after evidence and rollback are attached.",Phase 1 inventory closure,NOT_STARTED
CHK-0195,1,Venue & ingress,Certify and attest Normal GTX entry,Execution,P0,VEN-014,Pinned implementation is independently verified against: 100% encoded normal maker; no fallback. No unverified inherited behavior enters authority.,Phase 1 inventory closure,NOT_STARTED
CHK-0196,1,Venue & ingress,"Audit, repair, and certify Normal GTX exit",Execution,P0,VEN-015,"Current behavior is reproduced, gap is closed to: Maker-first policy with deadline. Before/after evidence and rollback are attached.",Phase 1 inventory closure,NOT_STARTED
CHK-0197,1,Venue & ingress,Drain and retire SNIPE-01 taker entry,Execution,P0,VEN-016,"No active producer, consumer, credential, config, runbook or deployment depends on the item; retained evidence is archived and replacement 'Forbidden/removed from all ORIGIN routes' is proven.",Phase 1 inventory closure,NOT_STARTED
CHK-0198,1,Venue & ingress,Implement Emergency IOC exit,Execution/Risk,P0,VEN-017,Target exists as specified: Bounded worst-price reduce-only tier. Automated contract/permission/behavior checks pass; owner and artifact/evidence reference are recorded.,Phase 1 inventory closure,NOT_STARTED
CHK-0199,1,Venue & ingress,Resolve blocker for Emergency market exit,Risk owner,P0,VEN-018,"Named owner supplies decision or evidence, updates the register, and proves: Catastrophic Tier 2 with explicit policy. Dependent route remains fail-closed until then.",Phase 1 inventory closure,NOT_STARTED
CHK-0200,1,Venue & ingress,Register deferment and isolate Hyperliquid adapter,Execution,P3,VEN-019,"Deferred scope, rationale, owner, re-entry gate and dependency isolation are recorded; first-wave artifacts do not depend on it. Target: Separate later certification.",Phase 1 inventory closure,NOT_STARTED
CHK-0201,1,Venue & ingress,Register deferment and isolate Other venue adapters,Execution,P3,VEN-020,"Deferred scope, rationale, owner, re-entry gate and dependency isolation are recorded; first-wave artifacts do not depend on it. Target: Per-venue model and evidence.",Phase 1 inventory closure,NOT_STARTED
CHK-0202,−1,Security & access,"Audit, repair, and certify Venue API credentials",Security/Execution,P0,SEC-001,"Current behavior is reproduced, gap is closed to: VGP operating role only. Before/after evidence and rollback are attached.",Phase −1 inventory closure,NOT_STARTED
CHK-0203,−1,Security & access,Resolve blocker for MCP bearer tokens,Security,P0,SEC-002,"Named owner supplies decision or evidence, updates the register, and proves: Rotate, purge, secret-manager injection. Dependent route remains fail-closed until then.",Phase −1 inventory closure,NOT_STARTED
CHK-0204,−1,Security & access,Drain and retire Global live.env inheritance,Security/Operations,P0,SEC-003,"No active producer, consumer, credential, config, runbook or deployment depends on the item; retained evidence is archived and replacement 'Per-service allowlisted environment' is proven.",Phase −1 inventory closure,NOT_STARTED
CHK-0205,−1,Security & access,Implement ORIGIN OS identity,Operations,P0,SEC-004,Target exists as specified: Dedicated non-privileged service account. Automated contract/permission/behavior checks pass; owner and artifact/evidence reference are recorded.,Phase −1 inventory closure,NOT_STARTED
CHK-0206,−1,Security & access,Implement ORIGIN network ACL,Security,P0,SEC-005,Target exists as specified: No gateway/account/venue-write route. Automated contract/permission/behavior checks pass; owner and artifact/evidence reference are recorded.,Phase −1 inventory closure,NOT_STARTED
CHK-0207,−1,Security & access,Implement ORIGIN filesystem ACL,Security,P0,SEC-006,Target exists as specified: Read input; write owned journal/checkpoints only. Automated contract/permission/behavior checks pass; owner and artifact/evidence reference are recorded.,Phase −1 inventory closure,NOT_STARTED
CHK-0208,−1,Security & access,"Audit, repair, and certify Account arm token",Risk/Execution,P0,SEC-007,"Current behavior is reproduced, gap is closed to: Narrow execution authorization only. Before/after evidence and rollback are attached.",Phase −1 inventory closure,NOT_STARTED
CHK-0209,−1,Security & access,Implement Risk-policy signing key,Security/Risk,P1,SEC-008,Target exists as specified: Governance/E08 deployment only. Automated contract/permission/behavior checks pass; owner and artifact/evidence reference are recorded.,Phase −1 inventory closure,NOT_STARTED
CHK-0210,−1,Security & access,"Audit, repair, and certify Live writer DSN",Data/Security,P0,SEC-009,"Current behavior is reproduced, gap is closed to: Only authorized live bridge. Before/after evidence and rollback are attached.",Phase −1 inventory closure,NOT_STARTED
CHK-0211,−1,Security & access,"Audit, repair, and certify Superuser migration DSN",Data/Security,P1,SEC-010,"Current behavior is reproduced, gap is closed to: One-shot migration job only. Before/after evidence and rollback are attached.",Phase −1 inventory closure,NOT_STARTED
CHK-0212,−1,Security & access,Certify and attest Read-only analytics DSN,Data/Security,P1,SEC-011,Pinned implementation is independently verified against: Scoped by approved views. No unverified inherited behavior enters authority.,Phase −1 inventory closure,NOT_STARTED
CHK-0213,−1,Security & access,Implement Secret scanning,Security,P0,SEC-012,Target exists as specified: CI + history + deployment environment scan. Automated contract/permission/behavior checks pass; owner and artifact/evidence reference are recorded.,Phase −1 inventory closure,NOT_STARTED
CHK-0214,−1,Security & access,Resolve blocker for Withdrawal permission,Security/Execution,P0,SEC-013,"Named owner supplies decision or evidence, updates the register, and proves: Disabled on all trading keys. Dependent route remains fail-closed until then.",Phase −1 inventory closure,NOT_STARTED
CHK-0215,−1,Security & access,Resolve blocker for IP allowlisting,Security,P1,SEC-014,"Named owner supplies decision or evidence, updates the register, and proves: Enable where venue supports. Dependent route remains fail-closed until then.",Phase −1 inventory closure,NOT_STARTED
CHK-0216,−1,Security & access,"Audit, repair, and certify Environment account separation",Risk/Execution,P0,SEC-015,"Current behavior is reproduced, gap is closed to: Explicit live-only canary account/risk cell. Before/after evidence and rollback are attached.",Phase −1 inventory closure,NOT_STARTED
CHK-0217,−1,Security & access,Implement Two-person activation,Governance,P1,SEC-016,Target exists as specified: Required for high-risk promotion/emergency policy changes. Automated contract/permission/behavior checks pass; owner and artifact/evidence reference are recorded.,Phase −1 inventory closure,NOT_STARTED
CHK-0218,−1,Security & access,Implement SBOM/dependency lock,ORIGIN/Security,P1,SEC-017,Target exists as specified: Immutable build SBOM and lock. Automated contract/permission/behavior checks pass; owner and artifact/evidence reference are recorded.,Phase −1 inventory closure,NOT_STARTED
CHK-0219,−1,Security & access,Implement Audit log secret scrubbing,Security/SRE,P0,SEC-018,Target exists as specified: No values in logs/receipts/traces/crash dumps. Automated contract/permission/behavior checks pass; owner and artifact/evidence reference are recorded.,Phase −1 inventory closure,NOT_STARTED
CHK-0220,2,Observability,Implement startupz,ORIGIN,P0,OBS-001,Target exists as specified: Manifest/input/checkpoint validation. Automated contract/permission/behavior checks pass; owner and artifact/evidence reference are recorded.,Phase 2 inventory closure,NOT_STARTED
CHK-0221,2,Observability,Implement readyz,ORIGIN,P0,OBS-002,Target exists as specified: Warm/current/lease/output semantics. Automated contract/permission/behavior checks pass; owner and artifact/evidence reference are recorded.,Phase 2 inventory closure,NOT_STARTED
CHK-0222,2,Observability,Implement livez,ORIGIN,P1,OBS-003,Target exists as specified: Event-loop/watchdog liveness. Automated contract/permission/behavior checks pass; owner and artifact/evidence reference are recorded.,Phase 2 inventory closure,NOT_STARTED
CHK-0223,2,Observability,Implement version endpoint,ORIGIN,P1,OBS-004,Target exists as specified: Commit/artifact/manifests/epoch. Automated contract/permission/behavior checks pass; owner and artifact/evidence reference are recorded.,Phase 2 inventory closure,NOT_STARTED
CHK-0224,2,Observability,Implement input offset/watermark,Data/ORIGIN,P0,OBS-005,Target exists as specified: Per partition metric/heartbeat. Automated contract/permission/behavior checks pass; owner and artifact/evidence reference are recorded.,Phase 2 inventory closure,NOT_STARTED
CHK-0225,2,Observability,Implement stream route coverage,Data,P0,OBS-006,Target exists as specified: Per required stream/session. Automated contract/permission/behavior checks pass; owner and artifact/evidence reference are recorded.,Phase 2 inventory closure,NOT_STARTED
CHK-0226,2,Observability,Implement sequence gap/duplicate/out-of-order,Data,P0,OBS-007,Target exists as specified: Per source/partition counters. Automated contract/permission/behavior checks pass; owner and artifact/evidence reference are recorded.,Phase 2 inventory closure,NOT_STARTED
CHK-0227,2,Observability,Implement clock skew/availability latency,Data/SRE,P1,OBS-008,Target exists as specified: Histogram with source and quality. Automated contract/permission/behavior checks pass; owner and artifact/evidence reference are recorded.,Phase 2 inventory closure,NOT_STARTED
CHK-0228,2,Observability,Implement checkpoint age/restore,ORIGIN,P0,OBS-009,"Target exists as specified: Age, duration, checksum. Automated contract/permission/behavior checks pass; owner and artifact/evidence reference are recorded.",Phase 2 inventory closure,NOT_STARTED
CHK-0229,2,Observability,Implement replay divergence,Evidence,P0,OBS-010,Target exists as specified: Counter + record links. Automated contract/permission/behavior checks pass; owner and artifact/evidence reference are recorded.,Phase 2 inventory closure,NOT_STARTED
CHK-0230,2,Observability,Implement stable ID collision,ORIGIN,P0,OBS-011,Target exists as specified: Zero-tolerance metric/page. Automated contract/permission/behavior checks pass; owner and artifact/evidence reference are recorded.,Phase 2 inventory closure,NOT_STARTED
CHK-0231,2,Observability,Implement illegal lifecycle transition,ORIGIN,P0,OBS-012,Target exists as specified: Counter/reason/page threshold. Automated contract/permission/behavior checks pass; owner and artifact/evidence reference are recorded.,Phase 2 inventory closure,NOT_STARTED
CHK-0232,2,Observability,Implement capsule funnel,ORIGIN,P1,OBS-013,Target exists as specified: Examine→atom→candidate→withdraw per dimension. Automated contract/permission/behavior checks pass; owner and artifact/evidence reference are recorded.,Phase 2 inventory closure,NOT_STARTED
CHK-0233,2,Observability,"Audit, repair, and certify named zero reasons",ORIGIN,P1,OBS-014,"Current behavior is reproduced, gap is closed to: Complete per capsule/symbol. Before/after evidence and rollback are attached.",Phase 2 inventory closure,NOT_STARTED
CHK-0234,2,Observability,Implement producer epoch/lease,Platform,P0,OBS-015,Target exists as specified: Active/expiry/renew/rejection. Automated contract/permission/behavior checks pass; owner and artifact/evidence reference are recorded.,Phase 2 inventory closure,NOT_STARTED
CHK-0235,2,Observability,Implement shadow contamination,Platform/SRE,P0,OBS-016,Target exists as specified: Continuous zero-tolerance metric. Automated contract/permission/behavior checks pass; owner and artifact/evidence reference are recorded.,Phase 2 inventory closure,NOT_STARTED
CHK-0236,2,Observability,Implement manifest mismatch,All owners,P0,OBS-017,Target exists as specified: Exact tuple mismatch metric/page. Automated contract/permission/behavior checks pass; owner and artifact/evidence reference are recorded.,Phase 2 inventory closure,NOT_STARTED
CHK-0237,2,Observability,"Audit, repair, and certify ledger append/fsync",SRE,P0,OBS-018,"Current behavior is reproduced, gap is closed to: Latency/failure/disk risk. Before/after evidence and rollback are attached.",Phase 2 inventory closure,NOT_STARTED
CHK-0238,2,Observability,"Audit, repair, and certify resource metrics",SRE,P1,OBS-019,"Current behavior is reproduced, gap is closed to: CPU/memory/FD/queue/disk bounded labels. Before/after evidence and rollback are attached.",Phase 2 inventory closure,NOT_STARTED
CHK-0239,2,Observability,"Audit, repair, and certify latency stages",SRE/owners,P1,OBS-020,"Current behavior is reproduced, gap is closed to: p50/p95/p99 full chain. Before/after evidence and rollback are attached.",Phase 2 inventory closure,NOT_STARTED
CHK-0240,2,Observability,"Audit, repair, and certify unknown orders",Execution,P0,OBS-021,"Current behavior is reproduced, gap is closed to: Count/age/page. Before/after evidence and rollback are attached.",Phase 2 inventory closure,NOT_STARTED
CHK-0241,2,Observability,Implement fill v3 quarantine,Execution,P0,OBS-022,Target exists as specified: Completeness/reason/age. Automated contract/permission/behavior checks pass; owner and artifact/evidence reference are recorded.,Phase 2 inventory closure,NOT_STARTED
CHK-0242,2,Observability,"Audit, repair, and certify position reconciliation lag",Execution,P0,OBS-023,"Current behavior is reproduced, gap is closed to: Exact age/parity/page. Before/after evidence and rollback are attached.",Phase 2 inventory closure,NOT_STARTED
CHK-0243,2,Observability,"Audit, repair, and certify unprotected position duration",Execution,P0,OBS-024,"Current behavior is reproduced, gap is closed to: Zero-tolerance deadline. Before/after evidence and rollback are attached.",Phase 2 inventory closure,NOT_STARTED
CHK-0244,2,Observability,Implement emergency exits,Execution/Risk,P0,OBS-025,Target exists as specified: Trigger/tier/fills/residual/slippage/failure. Automated contract/permission/behavior checks pass; owner and artifact/evidence reference are recorded.,Phase 2 inventory closure,NOT_STARTED
CHK-0245,2,Observability,Implement economic funnel/net EV,E10/Evidence,P1,OBS-026,Target exists as specified: Separate money/control/treatment metrics. Automated contract/permission/behavior checks pass; owner and artifact/evidence reference are recorded.,Phase 2 inventory closure,NOT_STARTED
CHK-0246,6,Deployment & operations,Implement Immutable build artifact,Release,P0,OPS-001,Target exists as specified: Commit+artifact digest. Automated contract/permission/behavior checks pass; owner and artifact/evidence reference are recorded.,Phase 6 inventory closure,NOT_STARTED
CHK-0247,6,Deployment & operations,Implement Signed activation manifest,Governance,P0,OPS-002,Target exists as specified: Separate deploy from authority. Automated contract/permission/behavior checks pass; owner and artifact/evidence reference are recorded.,Phase 6 inventory closure,NOT_STARTED
CHK-0248,6,Deployment & operations,Implement Transport binding manifest,Platform,P0,OPS-003,Target exists as specified: File-ledger first; NATS optional. Automated contract/permission/behavior checks pass; owner and artifact/evidence reference are recorded.,Phase 6 inventory closure,NOT_STARTED
CHK-0249,6,Deployment & operations,Implement Dedicated service definition,Operations,P0,OPS-004,Target exists as specified: Resource/ACL/env constraints. Automated contract/permission/behavior checks pass; owner and artifact/evidence reference are recorded.,Phase 6 inventory closure,NOT_STARTED
CHK-0250,6,Deployment & operations,Implement Blue/green ORIGIN deployment,Operations,P1,OPS-005,Target exists as specified: Dark green before lease transfer. Automated contract/permission/behavior checks pass; owner and artifact/evidence reference are recorded.,Phase 6 inventory closure,NOT_STARTED
CHK-0251,6,Deployment & operations,Implement Post-deploy replay smoke,Validation,P0,OPS-006,Target exists as specified: Known tape/output hash. Automated contract/permission/behavior checks pass; owner and artifact/evidence reference are recorded.,Phase 6 inventory closure,NOT_STARTED
CHK-0252,6,Deployment & operations,Implement Authority rollback,Operations/Governance,P0,OPS-007,Target exists as specified: Revoke/fence/switch manifest. Automated contract/permission/behavior checks pass; owner and artifact/evidence reference are recorded.,Phase 6 inventory closure,NOT_STARTED
CHK-0253,6,Deployment & operations,"Audit, repair, and certify Crash-loop handling",Operations,P0,OPS-008,"Current behavior is reproduced, gap is closed to: No automatic authority inheritance. Before/after evidence and rollback are attached.",Phase 6 inventory closure,NOT_STARTED
CHK-0254,6,Deployment & operations,Implement 26-hour ingress soak,SRE/Data,P0,OPS-009,Target exists as specified: Cross 24h forced lifetime. Automated contract/permission/behavior checks pass; owner and artifact/evidence reference are recorded.,Phase 6 inventory closure,NOT_STARTED
CHK-0255,6,Deployment & operations,Implement Disaster recovery,SRE/Data,P1,OPS-010,Target exists as specified: Sealed ledger/checkpoint restore. Automated contract/permission/behavior checks pass; owner and artifact/evidence reference are recorded.,Phase 6 inventory closure,NOT_STARTED
CHK-0256,6,Deployment & operations,"Audit, repair, and certify Data migration job",Data,P1,OPS-011,"Current behavior is reproduced, gap is closed to: Additive, one-shot scoped identity. Before/after evidence and rollback are attached.",Phase 6 inventory closure,NOT_STARTED
CHK-0257,6,Deployment & operations,Implement Runbook: ingress gap,Data Ops,P0,OPS-012,Target exists as specified: Route/book resync and entry block. Automated contract/permission/behavior checks pass; owner and artifact/evidence reference are recorded.,Phase 6 inventory closure,NOT_STARTED
CHK-0258,6,Deployment & operations,Implement Runbook: unknown submit,Execution Ops,P0,OPS-013,Target exists as specified: Reconcile-before-retry. Automated contract/permission/behavior checks pass; owner and artifact/evidence reference are recorded.,Phase 6 inventory closure,NOT_STARTED
CHK-0259,6,Deployment & operations,Implement Runbook: protection failure,Execution Ops,P0,OPS-014,Target exists as specified: Maker deadline→emergency reduction. Automated contract/permission/behavior checks pass; owner and artifact/evidence reference are recorded.,Phase 6 inventory closure,NOT_STARTED
CHK-0260,6,Deployment & operations,Implement Runbook: producer split brain,Platform Ops,P0,OPS-015,Target exists as specified: Fence/revoke/investigate. Automated contract/permission/behavior checks pass; owner and artifact/evidence reference are recorded.,Phase 6 inventory closure,NOT_STARTED
CHK-0261,6,Deployment & operations,Implement Runbook: rollback,Operations,P0,OPS-016,Target exists as specified: One-action scoped flow + open position handling. Automated contract/permission/behavior checks pass; owner and artifact/evidence reference are recorded.,Phase 6 inventory closure,NOT_STARTED
CHK-0262,6,Deployment & operations,Implement Runbook: secret exposure,Security,P0,OPS-017,Target exists as specified: Rotate/purge/audit/redeploy. Automated contract/permission/behavior checks pass; owner and artifact/evidence reference are recorded.,Phase 6 inventory closure,NOT_STARTED
CHK-0263,6,Deployment & operations,Implement Runbook: disk/ledger failure,SRE,P0,OPS-018,Target exists as specified: Stop entries before evidence loss. Automated contract/permission/behavior checks pass; owner and artifact/evidence reference are recorded.,Phase 6 inventory closure,NOT_STARTED
CHK-0264,6,Deployment & operations,Resolve blocker for Operator ownership roster,Operations,P0,OPS-019,"Named owner supplies decision or evidence, updates the register, and proves: Named on-call/approvers/escalation. Dependent route remains fail-closed until then.",Phase 6 inventory closure,NOT_STARTED
CHK-0265,6,Deployment & operations,Resolve blocker for Audit retention periods,Governance/Legal,P1,OPS-020,"Named owner supplies decision or evidence, updates the register, and proves: Per raw/money/control/test artifact. Dependent route remains fail-closed until then.",Phase 6 inventory closure,NOT_STARTED
CHK-0266,4,Tests & evidence,Certify and attest 224-test falsification registry,Validation,P0,TST-001,Pinned implementation is independently verified against: Reset target status to NOT_RUN; extend critical 2026 cases. No unverified inherited behavior enters authority.,Phase 4 inventory closure,NOT_STARTED
CHK-0267,4,Tests & evidence,Implement Contract golden vectors,Contracts,P0,TST-002,Target exists as specified: Valid/invalid/per-language round trips. Automated contract/permission/behavior checks pass; owner and artifact/evidence reference are recorded.,Phase 4 inventory closure,NOT_STARTED
CHK-0268,4,Tests & evidence,Implement Structure golden vectors,ORIGIN,P0,TST-003,Target exists as specified: Long/short exact fixtures for each type. Automated contract/permission/behavior checks pass; owner and artifact/evidence reference are recorded.,Phase 4 inventory closure,NOT_STARTED
CHK-0269,4,Tests & evidence,Implement Property/mutation tests,ORIGIN,P0,TST-004,Target exists as specified: Prefix/restart/duplicate/mirror/null/identity. Automated contract/permission/behavior checks pass; owner and artifact/evidence reference are recorded.,Phase 4 inventory closure,NOT_STARTED
CHK-0270,4,Tests & evidence,Implement Binance route certification,Data,P0,TST-005,"Target exists as specified: /public,/market,/private coverage tests. Automated contract/permission/behavior checks pass; owner and artifact/evidence reference are recorded.",Phase 4 inventory closure,NOT_STARTED
CHK-0271,4,Tests & evidence,Implement Book chaos corpus,Data,P0,TST-006,Target exists as specified: Snapshot/gap/duplicate/reconnect cases. Automated contract/permission/behavior checks pass; owner and artifact/evidence reference are recorded.,Phase 4 inventory closure,NOT_STARTED
CHK-0272,4,Tests & evidence,Implement Private/algo corpus,Execution,P0,TST-007,"Target exists as specified: Listen expiry, ALGO_UPDATE, restart/reconcile. Automated contract/permission/behavior checks pass; owner and artifact/evidence reference are recorded.",Phase 4 inventory closure,NOT_STARTED
CHK-0273,4,Tests & evidence,Implement Unknown-submit fault suite,Execution,P0,TST-008,Target exists as specified: 503/timeouts/query/adoption/retry. Automated contract/permission/behavior checks pass; owner and artifact/evidence reference are recorded.,Phase 4 inventory closure,NOT_STARTED
CHK-0274,4,Tests & evidence,Implement Emergency-exit matrix,Execution/Risk,P0,TST-009,Target exists as specified: One-way/hedge/partial/stale/duplicate/disconnect. Automated contract/permission/behavior checks pass; owner and artifact/evidence reference are recorded.,Phase 4 inventory closure,NOT_STARTED
CHK-0275,4,Tests & evidence,Implement Exact replay corpus,Validation,P0,TST-010,Target exists as specified: Seal receipt-timed golden ranges. Automated contract/permission/behavior checks pass; owner and artifact/evidence reference are recorded.,Phase 4 inventory closure,NOT_STARTED
CHK-0276,4,Tests & evidence,"Audit, repair, and certify Approximate historical corpus",Evidence,P1,TST-011,"Current behavior is reproduced, gap is closed to: Label approximate; no exact certification. Before/after evidence and rollback are attached.",Phase 4 inventory closure,NOT_STARTED
CHK-0277,4,Tests & evidence,Implement Control/treatment paired corpus,Evidence,P1,TST-012,Target exists as specified: Same offsets + divergence classification. Automated contract/permission/behavior checks pass; owner and artifact/evidence reference are recorded.,Phase 4 inventory closure,NOT_STARTED
CHK-0278,4,Tests & evidence,Implement Trial family ledger,Governance,P0,TST-013,Target exists as specified: Count failures/renames/slices/agents. Automated contract/permission/behavior checks pass; owner and artifact/evidence reference are recorded.,Phase 4 inventory closure,NOT_STARTED
CHK-0279,4,Tests & evidence,Implement Locked historical OOS,Research,P1,TST-014,Target exists as specified: Chronological purged/embargoed holdout. Automated contract/permission/behavior checks pass; owner and artifact/evidence reference are recorded.,Phase 4 inventory closure,NOT_STARTED
CHK-0280,4,Tests & evidence,Implement Prospective dark window,Research/SRE,P1,TST-015,Target exists as specified: Frozen manifest and zero authority. Automated contract/permission/behavior checks pass; owner and artifact/evidence reference are recorded.,Phase 4 inventory closure,NOT_STARTED
CHK-0281,4,Tests & evidence,Resolve blocker for Power/sample calculation,Research/Risk,P0,TST-016,"Named owner supplies decision or evidence, updates the register, and proves: Pre-register before money evidence. Dependent route remains fail-closed until then.",Phase 4 inventory closure,NOT_STARTED
CHK-0282,4,Tests & evidence,Resolve blocker for Safety canary budget,Risk owner,P0,TST-017,"Named owner supplies decision or evidence, updates the register, and proves: Absolute loss/anomaly/emergency bounds. Dependent route remains fail-closed until then.",Phase 4 inventory closure,NOT_STARTED
CHK-0283,4,Tests & evidence,Resolve blocker for Economic gate thresholds,Research/Governance,P0,TST-018,"Named owner supplies decision or evidence, updates the register, and proves: Owner-ratified CI/PBO/DSR/multiplicity. Dependent route remains fail-closed until then.",Phase 4 inventory closure,NOT_STARTED
CHK-0284,4,Tests & evidence,Implement Release gate receipts,Governance,P1,TST-019,Target exists as specified: Machine-readable signed evidence per gate. Automated contract/permission/behavior checks pass; owner and artifact/evidence reference are recorded.,Phase 4 inventory closure,NOT_STARTED
CHK-0285,4,Tests & evidence,Implement Legacy divergence taxonomy,Evidence,P1,TST-020,Target exists as specified: Per-event intentional/unexplained register. Automated contract/permission/behavior checks pass; owner and artifact/evidence reference are recorded.,Phase 4 inventory closure,NOT_STARTED
CHK-0286,4,Tests & evidence,Implement Maker fill calibration,Execution research,P1,TST-021,Target exists as specified: Venue-confirmed queue/fill model calibration. Automated contract/permission/behavior checks pass; owner and artifact/evidence reference are recorded.,Phase 4 inventory closure,NOT_STARTED
CHK-0287,4,Tests & evidence,"Audit, repair, and certify Cost/fee/funding model",E10/Research,P1,TST-022,"Current behavior is reproduced, gap is closed to: Actual account-tier facts + versioned scenarios. Before/after evidence and rollback are attached.",Phase 4 inventory closure,NOT_STARTED
CHK-0288,5,MCP & evidence UI,Certify and attest MCP core/tool catalog,Evidence,P2,MCP-001,Pinned implementation is independently verified against: Read-only evidence catalog. No unverified inherited behavior enters authority.,Phase 5 inventory closure,NOT_STARTED
CHK-0289,5,MCP & evidence UI,Resolve blocker for fill_lineage family,Evidence/Execution,P1,MCP-002,"Named owner supplies decision or evidence, updates the register, and proves: Enable only after strict v3 source/auth evidence. Dependent route remains fail-closed until then.",Phase 5 inventory closure,NOT_STARTED
CHK-0290,5,MCP & evidence UI,Resolve blocker for investigation family,Evidence,P1,MCP-003,"Named owner supplies decision or evidence, updates the register, and proves: Scoped direct read after auth verification. Dependent route remains fail-closed until then.",Phase 5 inventory closure,NOT_STARTED
CHK-0291,5,MCP & evidence UI,Resolve blocker for normalization family,Evidence/Data,P2,MCP-004,"Named owner supplies decision or evidence, updates the register, and proves: Expose v2/v3 provenance and nulls. Dependent route remains fail-closed until then.",Phase 5 inventory closure,NOT_STARTED
CHK-0292,5,MCP & evidence UI,Resolve blocker for runtime family,Evidence/SRE,P1,MCP-005,"Named owner supplies decision or evidence, updates the register, and proves: Source/deploy/runtime/authority separate status. Dependent route remains fail-closed until then.",Phase 5 inventory closure,NOT_STARTED
CHK-0293,5,MCP & evidence UI,Implement dual_edge family,Evidence,P1,MCP-006,Target exists as specified: Control/treatment/divergence read face. Automated contract/permission/behavior checks pass; owner and artifact/evidence reference are recorded.,Phase 5 inventory closure,NOT_STARTED
CHK-0294,5,MCP & evidence UI,Register deferment and isolate scorecard family,Evidence,P2,MCP-007,"Deferred scope, rationale, owner, re-entry gate and dependency isolation are recorded; first-wave artifacts do not depend on it. Target: Population-labeled offline scorecard.",Phase 5 inventory closure,NOT_STARTED
CHK-0295,5,MCP & evidence UI,Resolve blocker for scorecard_live family,Evidence/E10,P1,MCP-008,"Named owner supplies decision or evidence, updates the register, and proves: Strict money-only v3 scorecard. Dependent route remains fail-closed until then.",Phase 5 inventory closure,NOT_STARTED
CHK-0296,5,MCP & evidence UI,Register deferment and isolate NATS bus status,Platform,P3,MCP-009,"Deferred scope, rationale, owner, re-entry gate and dependency isolation are recorded; first-wave artifacts do not depend on it. Target: Honest unavailable until bus certified.",Phase 5 inventory closure,NOT_STARTED
CHK-0297,5,MCP & evidence UI,"Audit, repair, and certify Prometheus-dependent tools",SRE/Evidence,P2,MCP-010,"Current behavior is reproduced, gap is closed to: Honest local fallback or certified metrics backend. Before/after evidence and rollback are attached.",Phase 5 inventory closure,NOT_STARTED
CHK-0298,5,MCP & evidence UI,Implement ORIGIN structure read face,ORIGIN/Evidence,P1,MCP-011,Target exists as specified: Clocks/identity/lifecycle/provenance. Automated contract/permission/behavior checks pass; owner and artifact/evidence reference are recorded.,Phase 5 inventory closure,NOT_STARTED
CHK-0299,5,MCP & evidence UI,Implement ORIGIN lease/attestation read face,Platform/Evidence,P0,MCP-012,Target exists as specified: Exact authority and bundle evidence. Automated contract/permission/behavior checks pass; owner and artifact/evidence reference are recorded.,Phase 5 inventory closure,NOT_STARTED
CHK-0300,5,MCP & evidence UI,Certify and attest Money control verbs,Security,P0,MCP-013,Pinned implementation is independently verified against: Permanently absent from MCP. No unverified inherited behavior enters authority.,Phase 5 inventory closure,NOT_STARTED
CHK-0301,−1,Deprecations,Drain and retire Legacy E02 detector authority,Engine,P1,DEP-001,"No active producer, consumer, credential, config, runbook or deployment depends on the item; retained evidence is archived and replacement 'Retire scope-by-scope after ORIGIN promotion' is proven.",Phase −1 inventory closure,NOT_STARTED
CHK-0302,−1,Deprecations,Drain and retire Packet-hash/now-based structure IDs,ORIGIN,P0,DEP-002,"No active producer, consumer, credential, config, runbook or deployment depends on the item; retained evidence is archived and replacement 'Replace with stable occurrence identity' is proven.",Phase −1 inventory closure,NOT_STARTED
CHK-0303,−1,Deprecations,Drain and retire Generic swing alias,ORIGIN,P0,DEP-003,"No active producer, consumer, credential, config, runbook or deployment depends on the item; retained evidence is archived and replacement 'Typed level registry only' is proven.",Phase −1 inventory closure,NOT_STARTED
CHK-0304,−1,Deprecations,Drain and retire Boolean-only FVG fill,ORIGIN,P1,DEP-004,"No active producer, consumer, credential, config, runbook or deployment depends on the item; retained evidence is archived and replacement 'Penetration lifecycle' is proven.",Phase −1 inventory closure,NOT_STARTED
CHK-0305,−1,Deprecations,Drain and retire Large-candle OB shortcut,ORIGIN,P0,DEP-005,"No active producer, consumer, credential, config, runbook or deployment depends on the item; retained evidence is archived and replacement 'Origin→displacement→BOS causal rule' is proven.",Phase −1 inventory closure,NOT_STARTED
CHK-0306,−1,Deprecations,Drain and retire Opposite BOS relabeled CHOCH,ORIGIN,P0,DEP-006,"No active producer, consumer, credential, config, runbook or deployment depends on the item; retained evidence is archived and replacement 'Protected-swing transition only' is proven.",Phase −1 inventory closure,NOT_STARTED
CHK-0307,−1,Deprecations,Drain and retire Touch-as-fill simulation,Research,P0,DEP-007,"No active producer, consumer, credential, config, runbook or deployment depends on the item; retained evidence is archived and replacement 'Queue uncertainty + venue confirmation' is proven.",Phase −1 inventory closure,NOT_STARTED
CHK-0308,−1,Deprecations,Drain and retire Universal fill-rate >98% KPI,Evidence,P1,DEP-008,"No active producer, consumer, credential, config, runbook or deployment depends on the item; retained evidence is archived and replacement 'Net EV/fill-quality objective' is proven.",Phase −1 inventory closure,NOT_STARTED
CHK-0309,−1,Deprecations,Drain and retire Average-only <2bps slippage KPI,Evidence,P1,DEP-009,"No active producer, consumer, credential, config, runbook or deployment depends on the item; retained evidence is archived and replacement 'p50/p95/p99/worst by route' is proven.",Phase −1 inventory closure,NOT_STARTED
CHK-0310,−1,Deprecations,Drain and retire Production dryrun/testnet/paper modes,Operations,P0,DEP-010,"No active producer, consumer, credential, config, runbook or deployment depends on the item; retained evidence is archived and replacement 'LIVE-only production; offline harness separate' is proven.",Phase −1 inventory closure,NOT_STARTED
CHK-0311,−1,Deprecations,Drain and retire SNIPE-01 taker entries,Execution,P0,DEP-011,"No active producer, consumer, credential, config, runbook or deployment depends on the item; retained evidence is archived and replacement 'Forbidden on ORIGIN routes' is proven.",Phase −1 inventory closure,NOT_STARTED
CHK-0312,−1,Deprecations,Drain and retire Global semantic env flags,Config/Operations,P0,DEP-012,"No active producer, consumer, credential, config, runbook or deployment depends on the item; retained evidence is archived and replacement 'Signed manifest selector only' is proven.",Phase −1 inventory closure,NOT_STARTED
CHK-0313,−1,Deprecations,Drain and retire Global live.env export,Security,P0,DEP-013,"No active producer, consumer, credential, config, runbook or deployment depends on the item; retained evidence is archived and replacement 'Per-service allowlist' is proven.",Phase −1 inventory closure,NOT_STARTED
CHK-0314,−1,Deprecations,Drain and retire Duplicate/shadow executors,Execution,P0,DEP-014,"No active producer, consumer, credential, config, runbook or deployment depends on the item; retained evidence is archived and replacement 'One E09 authority; offline simulator only' is proven.",Phase −1 inventory closure,NOT_STARTED
CHK-0315,−1,Deprecations,Drain and retire Direct model-to-execution,Architecture,P0,DEP-015,"No active producer, consumer, credential, config, runbook or deployment depends on the item; retained evidence is archived and replacement 'E07→E08→E09 only' is proven.",Phase −1 inventory closure,NOT_STARTED
CHK-0316,−1,Deprecations,Drain and retire NATS as assumed deployed bus,Platform,P1,DEP-016,"No active producer, consumer, credential, config, runbook or deployment depends on the item; retained evidence is archived and replacement 'Transport-neutral; certify before binding' is proven.",Phase −1 inventory closure,NOT_STARTED
CHK-0317,−1,Deprecations,Drain and retire In-place fill.v2 tightening,Contracts,P0,DEP-017,"No active producer, consumer, credential, config, runbook or deployment depends on the item; retained evidence is archived and replacement 'Strict new fill.v3' is proven.",Phase −1 inventory closure,NOT_STARTED
CHK-0318,−1,Deprecations,Register deferment and isolate Online auto-tuning,Learning/Governance,P0,DEP-018,"Deferred scope, rationale, owner, re-entry gate and dependency isolation are recorded; first-wave artifacts do not depend on it. Target: Offline governed artifact only.",Phase −1 inventory closure,NOT_STARTED
CHK-0319,−1,Deprecations,Register deferment and isolate Multiple-entry initial canary,Risk/Research,P1,DEP-019,"Deferred scope, rationale, owner, re-entry gate and dependency isolation are recorded; first-wave artifacts do not depend on it. Target: Single entry first.",Phase −1 inventory closure,NOT_STARTED
CHK-0320,−1,Deprecations,Register deferment and isolate Hyperliquid first-wave certification,Execution,P2,DEP-020,"Deferred scope, rationale, owner, re-entry gate and dependency isolation are recorded; first-wave artifacts do not depend on it. Target: Binance first; separate later.",Phase −1 inventory closure,NOT_STARTED
CHK-0321,−1,Security,Rotate every MCP bearer token reported in source,Security,P0,SEC-002,Old credentials fail authentication; new values exist only in approved secret storage; rotation receipt and affected deployment restart are recorded.,G−1 Secure baseline,NOT_STARTED
CHK-0322,−1,Security,Purge literal credential material from active source and assess history exposure,Security/Repository owners,P0,Token rotation,Secret scan returns no active match; history-remediation decision and residual risk are documented without reproducing values.,G−1 Secure baseline,NOT_STARTED
CHK-0323,−1,Security,Replace stack-wide live.env export with per-service allowlists,Security/Operations,P0,secret_allowlist.v1,Captured process environments prove each service receives only approved names; ORIGIN receives no venue/account/write secret.,G−1 Secure baseline,NOT_STARTED
CHK-0324,−1,Baseline,"Freeze exact deployed source, artifacts, contract/config bytes, account lanes and current producer writers",Release/Operations,P0,Repository access + runtime inventory,"Signed baseline receipt contains commits, artifact hashes, manifests, process identities, effective environments, topic writer locks and account IDs.",G−1 Reproducible legacy,NOT_STARTED
CHK-0325,−1,Baseline,Seal representative raw-ledger ranges and current output ledgers,Data/Validation,P0,Raw ledger access,"Segments, offsets, checksums, receipt fidelity, market regimes and known money events are cataloged; restore test passes.",G−1 Reproducible legacy,NOT_STARTED
CHK-0326,−1,Baseline,Reproduce the frozen legacy engine from sealed input,Engine/Validation,P0,Frozen baseline + tapes,Repeated cold runs yield declared legacy output hashes or every nondeterminism is explicitly classified; no hidden source is used.,G−1 Reproducible legacy,NOT_STARTED
CHK-0327,−1,Authority,Name one authoritative producer and owner for every current money-path topic,Architecture/Operations,P0,Process/topic inventory,No topic has zero or multiple owners; writer-lock/runtime proof is attached; bypasses are listed and blocked.,G−1 Authority mapped,NOT_STARTED
CHK-0328,−1,Authority,Inventory every direct and indirect E02-to-money route,Architecture/Security,P0,Current deployment,Static call graph/config/topic ACL plus runtime trace proves all routes; undeclared routes are denied.,G−1 Authority mapped,NOT_STARTED
CHK-0329,−1,Configuration,Resolve Engine/Executor 1.37.0 manifest and limit-config drift,Contracts/Risk,P0,Pinned bundles,One bundle identity tuple and signed plane-local overlay rule are ratified; same version can no longer name different bytes silently.,G−1 Bundle truth,NOT_STARTED
CHK-0330,−1,Data ownership,Resolve owner and dependency for shadow.cf_trades,Data,P0,DTBNK audit,"Writer/migration and provenance are proven, or all first-wave dependencies are removed and schema is quarantined.",G−1 Data ownership,NOT_STARTED
CHK-0331,0,Contracts,Publish contract_bundle.manifest.v1 with byte-level hashes,Contracts,P0,Baseline bundle inventory,Every schema/config artifact is covered; same-version byte mutation fails CI and startup.,G0 Contract freeze,NOT_STARTED
CHK-0332,0,Contracts,Publish compatibility_manifest.v1 for every current/target contract pair,Contracts,P0,Contract catalog,"Reader/writer versions, transform, material-field rule, dual-publish window, rollback and retirement gate are machine-readable and tested.",G0 Contract freeze,NOT_STARTED
CHK-0333,0,Contracts,Implement strict fill.v3 without mutating fill.v2,Execution/Contracts,P0,fill.v2 audit,All money-critical fields are required; incomplete raw events quarantine; v1/v2/v3 dual-publish derives from one venue fact.,G0 Money truth,NOT_STARTED
CHK-0334,0,Contracts,Implement venue_account_event.v2 and raw evidence linkage,VGP/Contracts,P0,Private stream,"Account/order/fill/position/algo/disconnect events carry source session, sequence, clocks and raw digest; replay and reconciliation tests pass.",G0 Money truth,NOT_STARTED
CHK-0335,0,Contracts,Implement position_event.v2 quantity-conservation projection,Reconciler,P0,fill.v3 + account events,Every before+delta=after identity holds exactly; duplicate trades are idempotent; unknown state is explicit.,G0 Money truth,NOT_STARTED
CHK-0336,0,Contracts,Implement protection_event.v2 including Algo lifecycle,Execution,P0,Algo Service support,NEW/TRIGGERING/TRIGGERED/FINISHED and reject/expire/cancel states reconcile with positions and open algo orders.,G0 Money truth,NOT_STARTED
CHK-0337,0,Contracts,Implement outcome.v2 from strict reconciled facts,E10,P0,fill.v3 + position/account events,"Fees, rebates, funding, liquidation/ADL, emergency cost, MFE/MAE and net P&L reconcile; unresolved is null.",G0 Money truth,NOT_STARTED
CHK-0338,0,Identity,Implement stable identity library and canonical encoding,Contracts/ORIGIN,P0,Identity schema decision,Cross-language golden vectors match; geometry revision/restart/thread count do not change structure ID; collision tests pass.,G0 Identity,NOT_STARTED
CHK-0339,0,Authority,Implement producer lease with monotonically increasing fencing token,Platform,P0,Lease store/control-plane owner,Two-producer race accepts at most one; consumers reject stale/expired/revoked epochs across restart and clock skew.,G0 Single authority,NOT_STARTED
CHK-0340,0,Authority,"Separate E07 decision, E08 risk/reservation/authorization and E09 command contracts",Architecture/Risk/Execution,P0,decision/intent compatibility,No service writes another owner's state; E08 authorizes economics and E09 alone compiles venue mechanics.,G0 Boundary truth,NOT_STARTED
CHK-0341,0,Configuration,Replace semantic environment booleans with signed activation manifest,Release/Governance,P0,Target config schemas,Capsules/symbols/sides/timeframes/arms/build/contracts/config/risk scope resolve from one manifest; startup fails on mismatch.,G0 Manifest parity,NOT_STARTED
CHK-0342,0,Storage,Implement append/checkpoint/quarantine atomicity for file-ledger binding,Platform/Data,P0,Logical topics + checkpoint schema,Crash at every write boundary recovers without lost/duplicated semantic event; corrupt frame stops partition visibly.,G0 Durable evidence,NOT_STARTED
CHK-0343,0,Rollback,Exercise producer revocation while downstream state is non-empty,Operations/Risk/Execution,P0,Lease + reconciliation,"New entries stop, exits remain, orders/positions/protection/reservations reconcile and a newer producer cannot activate prematurely.",G0 Rollback,NOT_STARTED
CHK-0344,1,Ingress,Create versioned Binance stream route manifest,Data,P0,Official 2026 docs,"Every stream maps to /public, /market or /private with parser, sequence, coverage, freshness and required status; wrong mapping fails startup.",G1 Ingress certified,NOT_STARTED
CHK-0345,1,Ingress,Reject all legacy/unrouted USD-M production WebSocket URLs,Data/Security,P0,Stream manifest,Static/config/runtime scan finds none; negative test proves startup rejection.,G1 Ingress certified,NOT_STARTED
CHK-0346,1,Ingress,"Implement independent /public, /market and /private connection health",Data/Execution,P0,Connection pools,Loss/silence of one route degrades exactly its dependencies; socket-open alone cannot report READY.,G1 Ingress certified,NOT_STARTED
CHK-0347,1,Ingress,Implement scheduled overlapping reconnect before 24 hours,Data,P0,Connection/session IDs,26-hour soak crosses handover with no unobserved required-stream gap and no duplicate canonical event.,G1 Ingress certified,NOT_STARTED
CHK-0348,1,Ingress,Implement control-message and stream-count guards,Data,P1,Route manifest capacity,Burst subscription test stays ≤10 messages/s and ≤1024 streams/connection; backpressure is observable.,G1 Ingress certified,NOT_STARTED
CHK-0349,1,Ingress,"Implement listen-key renewal, expiry detection and recreation",VGP,P0,Private pool,"Renewal failure and listenKeyExpired invalidate private truth, stop entries, recreate stream and fully reconcile account state.",G1 Private truth,NOT_STARTED
CHK-0350,1,Order book,Implement exact snapshot plus U/u/pu reconstruction,E01/Data,P0,Depth route,"Official normal, duplicate, stale snapshot, missing first overlap, broken pu, zero delete and reconnect vectors pass.",G1 State certified,NOT_STARTED
CHK-0351,1,Order book,Block candidate eligibility while book is bootstrapping or invalid,E01/ORIGIN,P0,Quality contract,No affected candidate appears; exits remain available; recovery availability is not backdated.,G1 State certified,NOT_STARTED
CHK-0352,1,Metadata,Version exchangeInfo and gate every symbol/order,Data/VGP,P0,Metadata registry,Tick/step/min-notional/status/order-type/filter changes quarantine invalid symbols before venue reject.,G1 Venue certified,NOT_STARTED
CHK-0353,1,Replay,Persist raw bytes before normalization with receipt/session/sequence,Data,P0,Raw ledger,Tamper changes hash; replay reconstructs recorded ingress order; no cross-connection total order is fabricated.,G1 Replay substrate,NOT_STARTED
CHK-0354,1,Replay,Implement same-code live/replay adapter,ORIGIN,P0,Production transition library,No separate backtest formula path exists; build/link test enforces common code.,G1 Replay substrate,NOT_STARTED
CHK-0355,1,Replay,"Prove prefix, cold/warm/checkpoint and future-mutation invariance",Validation/ORIGIN,P0,Golden exact corpus,100% expected output/state hashes match at all sampled cut points; any approximate tape is excluded from exact certification.,G1 Replay certified,NOT_STARTED
CHK-0356,2,Kernel,Scaffold triad-origin-e02 with zero venue/account dependencies,ORIGIN/Security,P0,Repository + ACL,Dependency and network/secret tests prove no credential/order path; startup under empty secret environment succeeds.,G2 Kernel,NOT_STARTED
CHK-0357,2,Kernel,Implement deterministic partition coordinator,ORIGIN,P0,market_state.v2,Duplicate/out-of-order/late events follow manifest policy; output order is thread/map independent.,G2 Kernel,NOT_STARTED
CHK-0358,2,Kernel,Implement integer tick/step math with overflow guards,ORIGIN,P0,Instrument metadata,Boundary and cross-platform golden vectors match; no float influences semantic or money geometry.,G2 Kernel,NOT_STARTED
CHK-0359,2,Kernel,Implement clock/watermark/knowledge-time library,ORIGIN/E01,P0,Clock contract,All clock inequalities property-test; late recovery never backdates availability.,G2 Kernel,NOT_STARTED
CHK-0360,2,Kernel,Implement append-only state journal and deterministic checkpoint,ORIGIN,P0,Ledger binding,Crash/restart at every transition boundary yields identical suffix hashes and no duplicate occurrence.,G2 Kernel,NOT_STARTED
CHK-0361,2,Semantics,Implement typed levels and forbid generic swing alias,ORIGIN,P0,Structure Semantics §02.3,DC/fractal/rolling/equal/session golden vectors pass and carry distinct type IDs.,G2 Structure truth,NOT_STARTED
CHK-0362,2,Semantics,Implement protected-swing advancement exactly as specified,ORIGIN,P0,DC swing registry,"BOS/CHOCH state vectors including pending protection, rejected transition and mirror cases pass.",G2 Structure truth,NOT_STARTED
CHK-0363,2,Semantics,Implement FVG penetration lifecycle,ORIGIN,P1,Finalized bars,Same-bar retest impossible; touch/partial/mid/filled/expiry transitions monotonic and restart-stable.,G2 Structure truth,NOT_STARTED
CHK-0364,2,Semantics,Implement causal order block registry,ORIGIN,P0,BOS + displacement,No BOS creates no confirmed OB; origin/tie/horizon/zone/invalidation vectors pass.,G2 Structure truth,NOT_STARTED
CHK-0365,2,Semantics,Implement frozen-level excursion/reclaim registry,ORIGIN,P1,Typed levels,Excursion/reclaim/hold/expiry vectors and no-moving-reference property pass.,G2 Structure truth,NOT_STARTED
CHK-0366,2,Semantics,Implement flow atoms with honest null and TTL,ORIGIN/Data,P1,Book/trade/liquidation inputs,Scale/missing/stale/cross-venue-clock tests pass; flow cannot mutate price structures.,G2 Feature truth,NOT_STARTED
CHK-0367,2,Capsule host,Enforce pure capsule interface and opportunity clustering,ORIGIN,P0,State/reaction libraries,"Static/runtime tests block I/O, clock, randomness and risk dependencies; correlated hypotheses share one cluster.",G2 Capsule platform,NOT_STARTED
CHK-0368,2,Candidate,Implement edge_candidate.v2 publisher and withdrawal transitions,ORIGIN,P0,Reaction engine,Complete natural geometry/TTL/cancel/trial lineage validates; no risk/account/order field is present.,G2 Candidate truth,NOT_STARTED
CHK-0369,2,Readiness,Implement semantic startupz/readyz/livez/version evidence,ORIGIN/SRE,P1,Attestation + checkpoint,Readiness remains false until warm/current/checksum/output/lease expectations pass; port/PID alone cannot pass.,G2 Operable,NOT_STARTED
CHK-0370,3,Capsules,Implement dc_swing_bos_first_retest.v1 in isolation,ORIGIN/Research,P0,Kernel + preregistered params,"All conjunct, mirror, TTL, first-retest, natural-geometry and refusal tests pass; isolated trial ID created.",G3 Capsule complete,NOT_STARTED
CHK-0371,3,Capsules,Implement protected_swing_choch_first_retest.v1 in isolation,ORIGIN/Research,P0,Kernel + preregistered params,"Protected-break transition, retest, failed-transition and mirror vectors pass; isolated trial ID created.",G3 Capsule complete,NOT_STARTED
CHK-0372,3,Capsules,Implement fvg_displacement_first_touch.v1 in isolation,ORIGIN/Research,P1,Kernel + preregistered params,Formation/displacement/first-touch/penetration/invalidation and ablation tests pass.,G3 Capsule complete,NOT_STARTED
CHK-0373,3,Capsules,Implement ob_displacement_bos_first_touch.v1 in isolation,ORIGIN/Research,P0,Kernel + preregistered params,Origin/displacement/BOS causal chain and no-shortcut ablation pass.,G3 Capsule complete,NOT_STARTED
CHK-0374,3,Capsules,Implement level_excursion_reclaim_flow_confirmed.v1 in isolation,ORIGIN/Research,P1,Kernel + preregistered params,"Frozen level, reclaim/hold, flow TTL/null and first reaction tests pass.",G3 Capsule complete,NOT_STARTED
CHK-0375,3,Research,Preregister numeric parameter families before result access,Research/Governance,P0,Trial registry,"Formula, range/grid, data, costs, splits, family count and primary metric are signed; no code default supplies a hidden value.",G3 Trial integrity,NOT_STARTED
CHK-0376,3,Research,Run leave-one-conjunct ablations for every capsule,Research,P1,Capsule outputs,Each conjunct has incremental count/EV/risk/cost effect on untouched data; failed ablations remain in trial family.,G3 Trial integrity,NOT_STARTED
CHK-0377,3,Research,Enforce geometric RR floor 2.0 without risk-policy contamination,ORIGIN/E07,P0,Candidate contract,ORIGIN geometry remains unchanged across E08 policy variants; sub-floor candidates refuse with named reason.,G3 Boundary,NOT_STARTED
CHK-0378,4,Paired replay,Feed byte-equivalent market_state offsets to frozen legacy and ORIGIN,Validation,P0,Legacy bridge + exact tape,Input hash/offset equality is 100%; no branch fetches its own market data.,G4 Paired replay,NOT_STARTED
CHK-0379,4,Paired replay,Classify every missing/extra/retimed/reidentified/geometry/lifecycle divergence,Validation/ORIGIN,P0,Divergence records,No unexplained critical divergence remains; intentional changes map to requirement/test/ADR.,G4 Paired replay,NOT_STARTED
CHK-0380,4,Adversarial,"Run gap, duplicate, reorder, future-mutation, clock, precision and disk fault campaigns",Validation/SRE,P0,Verification suite,Zero unauthorized candidate/order; state remains deterministic or fail-closed with exact incident evidence.,G4 Robustness,NOT_STARTED
CHK-0381,4,Statistics,Create complete immutable trial family and locked chronological OOS,Research/Governance,P0,Trial registry + tapes,Purging/embargo/sample unit/multiplicity defined; holdout access audited; result reproducible.,G4 Economic plausibility,NOT_STARTED
CHK-0382,4,Statistics,"Compute uncertainty, PBO, Deflated Sharpe and multiplicity control",Research,P1,Complete trial family,"Methods, assumptions and code/results are versioned; no threshold is claimed as paper-mandated.",G4 Economic plausibility,NOT_STARTED
CHK-0383,4,Execution simulation,Calibrate conservative maker fill model against venue transcripts,Execution research,P1,Real order/fill data,"Queue assumptions/version/error bands documented; public L2 results labeled simulated, never exact.",G4 Execution plausibility,NOT_STARTED
CHK-0384,5,Dark launch,Deny ORIGIN money-topic and gateway permissions physically,Security/Operations,P0,ACLs + deployment,Negative tests and runtime audit show zero risk/command/order writes even under malicious/buggy candidate output.,G5 Prospective dark,NOT_STARTED
CHK-0385,5,Dark launch,Freeze build/config/trial before prospective stream begins,Governance,P0,Activation manifest,Any byte change closes the window and creates a new trial; access and change logs reconcile.,G5 Prospective dark,NOT_STARTED
CHK-0386,5,Dark launch,"Measure all structures, reactions, candidates, refusals, withdrawals and route heartbeats",ORIGIN/Evidence,P1,Telemetry,Every capable partition has a complete funnel or named no-service cause; shadow/money populations cannot mix.,G5 Prospective dark,NOT_STARTED
CHK-0387,5,Dark launch,"Meet preregistered coverage, determinism, latency and prospective economic gates",Research/SRE,P0,Frozen dark window,Signed gate receipt references exact offsets/manifests and reports PASS/FAIL/INSUFFICIENT—not narrative promotion.,G5 Prospective dark,NOT_STARTED
CHK-0388,6,Execution,Prove every normal entry and exit is LIMIT GTX with no fallback,Execution,P0,VGP/OMS,"Static paths and fault transcripts show 100% normal maker intent; reject/expiry causes reevaluation, never crossing.",G6 Execution rehearsal,NOT_STARTED
CHK-0389,6,Execution,Reconcile ambiguous submissions before any retry,Execution,P0,Unknown-submit state,503/timeout/user-stream delay/query cases produce at most one venue order per economic purpose.,G6 Execution rehearsal,NOT_STARTED
CHK-0390,6,Execution,Consume and reconcile ALGO_UPDATE protection lifecycle,Execution,P0,Algo Service,Protection remains provably armed or entries stop and emergency policy engages; ACK alone cannot pass.,G6 Protection,NOT_STARTED
CHK-0391,6,Execution,Test partial fill/cancel/late-fill/restart/orphan-order races,Execution/Validation,P0,Order/fill/position state,Venue facts win; exact quantities conserve; no unknown or reversed exposure; reservations release once.,G6 Execution rehearsal,NOT_STARTED
CHK-0392,6,Emergency exit,"Ratify Tier 1 and Tier 2 triggers, price limits and deadlines",Risk owner/Governance,P0,Exit policy decision,"Named thresholds, evidence, owner, expiry and change control are signed before money canary.",G6 Emergency policy,NOT_STARTED
CHK-0393,6,Emergency exit,Test one-way and hedge reduction payloads,Execution,P0,Exit policy + account modes,LONG+SELL and SHORT+BUY reduce correct legs; forbidden reduceOnly/closePosition combinations reject; no zero crossing.,G6 Emergency execution,NOT_STARTED
CHK-0394,6,Emergency exit,"Test partial, stale-position, duplicate, disconnect and simultaneous-stop cases",Execution/Validation,P0,Emergency matrix,Residual is re-read from venue; idempotency prevents duplicate/reversal; unresolved state pages and blocks entry.,G6 Emergency execution,NOT_STARTED
CHK-0395,6,Accounting,Prove fill.v3→position→protection→outcome end-to-end lineage,Execution/E10,P0,Strict money contracts,100% canary fixtures join without guessing; gross/net/fees/funding/emergency costs recompute from raw facts.,G6 Money truth,NOT_STARTED
CHK-0396,6,Rollback,"Rehearse rollback with open order, partial position and armed Algo stop",Operations/Execution/Risk,P0,Rollback manifest,New entries fence first; exit/protection stays owned; all state resolves before another producer receives authority.,G6 Rollback,NOT_STARTED
CHK-0397,7,Canary,Ratify exact one capsule/symbol/side/account/risk-cell scope,Owner/Risk/Governance,P0,Evidence gates 0–6,Signed activation manifest contains no wildcard and one producer lease; both sides require separate certification.,G7 Safety canary,NOT_STARTED
CHK-0398,7,Canary,Ratify minimum viable notional and absolute loss/anomaly budgets,Risk owner,P0,Power/safety analysis,"Budgets, emergency count, unprotected deadline, reconciliation tolerance and automatic stop action are signed.",G7 Safety canary,NOT_STARTED
CHK-0399,7,Canary,Prove legacy producer rejection after lease transfer,Platform/Execution,P0,Producer fencing,Injected stale commands/candidates reject at each authority consumer; zero venue order created.,G7 Safety canary,NOT_STARTED
CHK-0400,7,Canary,Run safety canary with frozen configuration and continuous control,Operations/Research,P0,Activation + allocation,No unrelated change; all money facts reconcile; stop conditions automatically halt entries; control remains comparable.,G7 Safety canary,NOT_STARTED
CHK-0401,7,Canary,"Classify canary conclusion as safety, execution or economic evidence",Governance/Evidence,P0,Canary results,Report explicitly states what sample can and cannot prove; tiny sample never receives profitability label.,G7 Evidence honesty,NOT_STARTED
CHK-0402,8,Economic certification,Continue frozen prospective money sample to preregistered power boundary,Research/Operations,P0,Safety canary passed,No optional stopping or parameter change; campaigns are independent unit; every trial/result access counted.,G8 Economic live,NOT_STARTED
CHK-0403,8,Economic certification,"Apply net EV interval, overfit, multiplicity, concentration and stress gates",Research/Governance,P0,Powered sample,Signed evidence reports per side/symbol/capsule and aggregate; failing cells remain uncertified.,G8 Economic live,NOT_STARTED
CHK-0404,9,Cutover,Freeze legacy new entries and drain or explicitly assign every campaign,Operations/Execution,P0,Promotion decision,Open orders/algo orders/positions/protection/reservations reconcile; no implicit campaign inheritance.,G9 Cutover,NOT_STARTED
CHK-0405,9,Cutover,Revoke legacy candidate authority before issuing ORIGIN scope,Platform/Governance,P0,Lease coordinator,Fencing sequence is monotonic; consumers demonstrate old-token rejection and new-token acceptance.,G9 Cutover,NOT_STARTED
CHK-0406,9,Cutover,Promote only one dimension at a time,Governance/Risk,P0,Progressive-scale manifest,Order: side → symbol → capsule → risk → universe; no simultaneous expansion destroys attribution.,G9 Progressive scale,NOT_STARTED
CHK-0407,9,Retirement,Remove legacy writer permission before stopping/archiving process,Operations/Security,P0,Audit retention/consumer map,"No active consumer, credential, ACL or runbook depends on legacy authority; evidence retained for defined window.",G9 Retirement,NOT_STARTED
