id,layer,suite,criticality,gate,test,stimulus,required_result,evidence,initial_status
CT01,Inherited 224 falsification registry,Contracts & identity,P0,G0,Fill symbol is mandatory,"Run the named adversarial/golden/property scenario against the pinned input, build, manifest and state.",Reject any fill without an attested instrument; no intent-based guess may enter P&L.,Machine-readable result + logs/fixtures/output hashes + owner/reviewer signature,NOT_RUN
CT02,Inherited 224 falsification registry,Contracts & identity,P0,G0,Fill side and position effect are mandatory,"Run the named adversarial/golden/property scenario against the pinned input, build, manifest and state.",Every fill distinguishes buy/sell and open/close/reduce; reconstruct direction exactly.,Machine-readable result + logs/fixtures/output hashes + owner/reviewer signature,NOT_RUN
CT03,Inherited 224 falsification registry,Contracts & identity,P0,G0,Liquidity role is venue-confirmed,"Run the named adversarial/golden/property scenario against the pinned input, build, manifest and state.","Maker/taker comes from venue execution, never order intent.",Machine-readable result + logs/fixtures/output hashes + owner/reviewer signature,NOT_RUN
CT04,Inherited 224 falsification registry,Contracts & identity,P0,G0,Stable setup identity,"Run the named adversarial/golden/property scenario against the pinned input, build, manifest and state.","Same structure produces the same setup ID across packets, TTL expiry and restart.",Machine-readable result + logs/fixtures/output hashes + owner/reviewer signature,NOT_RUN
CT05,Inherited 224 falsification registry,Contracts & identity,P0,G0,Attempt and campaign identity separation,"Run the named adversarial/golden/property scenario against the pinned input, build, manifest and state.",Every order attempt is a child of one setup; every campaign groups all position-affecting fills.,Machine-readable result + logs/fixtures/output hashes + owner/reviewer signature,NOT_RUN
CT06,Inherited 224 falsification registry,Contracts & identity,P0,G0,Client order ID idempotence,"Run the named adversarial/golden/property scenario against the pinned input, build, manifest and state.",Duplicate submit/retry cannot create a second live order.,Machine-readable result + logs/fixtures/output hashes + owner/reviewer signature,NOT_RUN
CT07,Inherited 224 falsification registry,Contracts & identity,P0,G0,Engine and config fingerprint,"Run the named adversarial/golden/property scenario against the pinned input, build, manifest and state.","Every feature, candidate, order, fill and outcome carries immutable code/config hashes.",Machine-readable result + logs/fixtures/output hashes + owner/reviewer signature,NOT_RUN
CT08,Inherited 224 falsification registry,Contracts & identity,P0,G0,Schema-version migration,"Run the named adversarial/golden/property scenario against the pinned input, build, manifest and state.",Old and new events coexist without silent defaults; unsupported versions fail closed.,Machine-readable result + logs/fixtures/output hashes + owner/reviewer signature,NOT_RUN
CT09,Inherited 224 falsification registry,Contracts & identity,P0,G0,Decimal and unit contract,"Run the named adversarial/golden/property scenario against the pinned input, build, manifest and state.","Prices, quantities, bps, quote/base notional and R units round-trip without float drift.",Machine-readable result + logs/fixtures/output hashes + owner/reviewer signature,NOT_RUN
CT10,Inherited 224 falsification registry,Contracts & identity,P0,G0,Event lineage completeness,"Run the named adversarial/golden/property scenario against the pinned input, build, manifest and state.",Outcome traces raw events → packet → capsule → decision → risk → order → fill → campaign.,Machine-readable result + logs/fixtures/output hashes + owner/reviewer signature,NOT_RUN
CT11,Inherited 224 falsification registry,Contracts & identity,P0,G0,Unknown-field doctrine,"Run the named adversarial/golden/property scenario against the pinned input, build, manifest and state.","Missing economically material fields yield NOT_MEASURABLE, never zero or neutral.",Machine-readable result + logs/fixtures/output hashes + owner/reviewer signature,NOT_RUN
CT12,Inherited 224 falsification registry,Contracts & identity,P0,G0,Duplicate venue-trade rejection,"Run the named adversarial/golden/property scenario against the pinned input, build, manifest and state.",The same venue trade ID cannot be booked twice across reconnect/replay.,Machine-readable result + logs/fixtures/output hashes + owner/reviewer signature,NOT_RUN
CT13,Inherited 224 falsification registry,Contracts & identity,P0,G0,Fee asset conversion,"Run the named adversarial/golden/property scenario against the pinned input, build, manifest and state.",Fees in non-quote assets convert using causally valid marks and retain original amount/asset.,Machine-readable result + logs/fixtures/output hashes + owner/reviewer signature,NOT_RUN
CT14,Inherited 224 falsification registry,Contracts & identity,P0,G0,Contract property fuzzing,"Run the named adversarial/golden/property scenario against the pinned input, build, manifest and state.",Random valid/invalid envelopes preserve invariants and fail deterministically.,Machine-readable result + logs/fixtures/output hashes + owner/reviewer signature,NOT_RUN
DT01,Inherited 224 falsification registry,Data & event time,P0,G1,Candle gap propagation,"Run the named adversarial/golden/property scenario against the pinned input, build, manifest and state.",Injected missing bars invalidate continuity-dependent features until a clean window is rebuilt.,Machine-readable result + logs/fixtures/output hashes + owner/reviewer signature,NOT_RUN
DT02,Inherited 224 falsification registry,Data & event time,P0,G1,Retired endpoint removal,"Run the named adversarial/golden/property scenario against the pinned input, build, manifest and state.",No request is made to retired allForceOrders; liquidation WS health is independent.,Machine-readable result + logs/fixtures/output hashes + owner/reviewer signature,NOT_RUN
DT03,Inherited 224 falsification registry,Data & event time,P0,G1,Per-symbol concurrent polling,"Run the named adversarial/golden/property scenario against the pinned input, build, manifest and state.",One slow endpoint cannot delay later symbols beyond the registered freshness SLO.,Machine-readable result + logs/fixtures/output hashes + owner/reviewer signature,NOT_RUN
DT04,Inherited 224 falsification registry,Data & event time,P0,G1,Local book sequence continuity,"Run the named adversarial/golden/property scenario against the pinned input, build, manifest and state.",Snapshot + diff reconstruction detects U/u/pu gaps and resynchronizes before signals.,Machine-readable result + logs/fixtures/output hashes + owner/reviewer signature,NOT_RUN
DT05,Inherited 224 falsification registry,Data & event time,P0,G1,Event/receipt clock separation,"Run the named adversarial/golden/property scenario against the pinned input, build, manifest and state.","All records retain exchange event time and local receive time; latency is measured, not overwritten.",Machine-readable result + logs/fixtures/output hashes + owner/reviewer signature,NOT_RUN
DT06,Inherited 224 falsification registry,Data & event time,P0,G1,Clock skew injection,"Run the named adversarial/golden/property scenario against the pinned input, build, manifest and state.",±N ms skew trips quality gates according to policy without changing historical event order.,Machine-readable result + logs/fixtures/output hashes + owner/reviewer signature,NOT_RUN
DT07,Inherited 224 falsification registry,Data & event time,P0,G1,Equal-timestamp permutation,"Run the named adversarial/golden/property scenario against the pinned input, build, manifest and state.","Venue sequence, not source concatenation order, determines the canonical state.",Machine-readable result + logs/fixtures/output hashes + owner/reviewer signature,NOT_RUN
DT08,Inherited 224 falsification registry,Data & event time,P0,G1,Late event policy,"Run the named adversarial/golden/property scenario against the pinned input, build, manifest and state.",Late trades/books are either causally inserted before watermark or quarantined with attribution.,Machine-readable result + logs/fixtures/output hashes + owner/reviewer signature,NOT_RUN
DT09,Inherited 224 falsification registry,Data & event time,P0,G1,Closed-bar observability,"Run the named adversarial/golden/property scenario against the pinned input, build, manifest and state.",A bar becomes eligible only after its venue-close information was knowable.,Machine-readable result + logs/fixtures/output hashes + owner/reviewer signature,NOT_RUN
DT10,Inherited 224 falsification registry,Data & event time,P0,G1,Backfill/live seam,"Run the named adversarial/golden/property scenario against the pinned input, build, manifest and state.","Backfill and first live events produce no duplicate, gap or future-aware candle.",Machine-readable result + logs/fixtures/output hashes + owner/reviewer signature,NOT_RUN
DT11,Inherited 224 falsification registry,Data & event time,P0,G1,WebSocket migration conformance,"Run the named adversarial/golden/property scenario against the pinned input, build, manifest and state.",Current Binance public/private base URLs and payload fields pass daily contract probes.,Machine-readable result + logs/fixtures/output hashes + owner/reviewer signature,NOT_RUN
DT12,Inherited 224 falsification registry,Data & event time,P0,G1,Snapshot staleness,"Run the named adversarial/golden/property scenario against the pinned input, build, manifest and state.",Stale mark/book/OI/funding fields become explicit null/degraded and block dependent capsules.,Machine-readable result + logs/fixtures/output hashes + owner/reviewer signature,NOT_RUN
DT13,Inherited 224 falsification registry,Data & event time,P0,G1,Instrument metadata freshness,"Run the named adversarial/golden/property scenario against the pinned input, build, manifest and state.","Tick, step, min/max quantity and min notional are loaded, hashed and age-attested at boot.",Machine-readable result + logs/fixtures/output hashes + owner/reviewer signature,NOT_RUN
DT14,Inherited 224 falsification registry,Data & event time,P0,G1,Raw ledger immutability,"Run the named adversarial/golden/property scenario against the pinned input, build, manifest and state.",Re-reading the same raw partition yields identical bytes/hash and monotonic provenance.,Machine-readable result + logs/fixtures/output hashes + owner/reviewer signature,NOT_RUN
FE01,Inherited 224 falsification registry,Feature mathematics,P1,G2,ATR clean warm-up,"Run the named adversarial/golden/property scenario against the pinned input, build, manifest and state.",ATR is null until the full clean window exists; restart does not use shorter implicit windows.,Machine-readable result + logs/fixtures/output hashes + owner/reviewer signature,NOT_RUN
FE02,Inherited 224 falsification registry,Feature mathematics,P1,G2,Trend retention invariance,"Run the named adversarial/golden/property scenario against the pinned input, build, manifest and state.",Trend does not change merely because buffer retention length changes.,Machine-readable result + logs/fixtures/output hashes + owner/reviewer signature,NOT_RUN
FE03,Inherited 224 falsification registry,Feature mathematics,P1,G2,Session boundary correctness,"Run the named adversarial/golden/property scenario against the pinned input, build, manifest and state.","Session high/low resets on the declared session, not the retained-buffer extrema.",Machine-readable result + logs/fixtures/output hashes + owner/reviewer signature,NOT_RUN
FE04,Inherited 224 falsification registry,Feature mathematics,P1,G2,Causal swing confirmation,"Run the named adversarial/golden/property scenario against the pinned input, build, manifest and state.",Pivot/swing known-at time includes confirmation delay and never leaks future bars.,Machine-readable result + logs/fixtures/output hashes + owner/reviewer signature,NOT_RUN
FE05,Inherited 224 falsification registry,Feature mathematics,P1,G2,BOS definition quality,"Run the named adversarial/golden/property scenario against the pinned input, build, manifest and state.","Break requires causal swing, minimum displacement and close quality; ancient levels expire.",Machine-readable result + logs/fixtures/output hashes + owner/reviewer signature,NOT_RUN
FE06,Inherited 224 falsification registry,Feature mathematics,P1,G2,CHoCH state transition,"Run the named adversarial/golden/property scenario against the pinned input, build, manifest and state.","CHoCH is a dedicated prior-trend transition, not simply the last opposite BOS.",Machine-readable result + logs/fixtures/output hashes + owner/reviewer signature,NOT_RUN
FE07,Inherited 224 falsification registry,Feature mathematics,P1,G2,FVG quality,"Run the named adversarial/golden/property scenario against the pinned input, build, manifest and state.",Gap requires minimum normalized size/displacement and tracks first fill/mitigation causally.,Machine-readable result + logs/fixtures/output hashes + owner/reviewer signature,NOT_RUN
FE08,Inherited 224 falsification registry,Feature mathematics,P1,G2,Order-block causation,"Run the named adversarial/golden/property scenario against the pinned input, build, manifest and state.",Origin candle is tied to a qualified displacement/BOS and has age/mitigation state.,Machine-readable result + logs/fixtures/output hashes + owner/reviewer signature,NOT_RUN
FE09,Inherited 224 falsification registry,Feature mathematics,P1,G2,Equal-level total-span,"Run the named adversarial/golden/property scenario against the pinned input, build, manifest and state.",Transitive equal-level chains cannot drift beyond the configured total tolerance.,Machine-readable result + logs/fixtures/output hashes + owner/reviewer signature,NOT_RUN
FE10,Inherited 224 falsification registry,Feature mathematics,P1,G2,CVD notional normalization,"Run the named adversarial/golden/property scenario against the pinned input, build, manifest and state.",Flow uses quote notional or a documented normalized unit; scale metamorphism holds.,Machine-readable result + logs/fixtures/output hashes + owner/reviewer signature,NOT_RUN
FE11,Inherited 224 falsification registry,Feature mathematics,P1,G2,OI comparability,"Run the named adversarial/golden/property scenario against the pinned input, build, manifest and state.",OI change is percent/z-scored by instrument; absolute contract scale cannot dominate.,Machine-readable result + logs/fixtures/output hashes + owner/reviewer signature,NOT_RUN
FE12,Inherited 224 falsification registry,Feature mathematics,P1,G2,Basis availability,"Run the named adversarial/golden/property scenario against the pinned input, build, manifest and state.",Parsed premium/basis reaches the feature contract or remains explicit null with reason.,Machine-readable result + logs/fixtures/output hashes + owner/reviewer signature,NOT_RUN
FE13,Inherited 224 falsification registry,Feature mathematics,P1,G2,LOB tick-distance geometry,"Run the named adversarial/golden/property scenario against the pinned input, build, manifest and state.",Depth windows include valid ticks for every LIVE symbol and scale across price levels.,Machine-readable result + logs/fixtures/output hashes + owner/reviewer signature,NOT_RUN
FE14,Inherited 224 falsification registry,Feature mathematics,P1,G2,Feature null dependency,"Run the named adversarial/golden/property scenario against the pinned input, build, manifest and state.",A capsule cannot use a missing feature through an implicit neutral default.,Machine-readable result + logs/fixtures/output hashes + owner/reviewer signature,NOT_RUN
M201,Inherited 224 falsification registry,M2 BOS / CHoCH,P1,G3,BOS and CHoCH split,"Run the named adversarial/golden/property scenario against the pinned input, build, manifest and state.","Continuation and reversal have separate IDs, state machines, payoffs and attribution.",Machine-readable result + logs/fixtures/output hashes + owner/reviewer signature,NOT_RUN
M202,Inherited 224 falsification registry,M2 BOS / CHoCH,P1,G3,First-break uniqueness,"Run the named adversarial/golden/property scenario against the pinned input, build, manifest and state.","One causal level break produces one setup, not one setup per packet.",Machine-readable result + logs/fixtures/output hashes + owner/reviewer signature,NOT_RUN
M203,Inherited 224 falsification registry,M2 BOS / CHoCH,P1,G3,Displacement ablation,"Run the named adversarial/golden/property scenario against the pinned input, build, manifest and state.",Body/range/ATR/volume displacement conjunct earns incremental untouched OOS net EV.,Machine-readable result + logs/fixtures/output hashes + owner/reviewer signature,NOT_RUN
M204,Inherited 224 falsification registry,M2 BOS / CHoCH,P1,G3,Close-beyond-level robustness,"Run the named adversarial/golden/property scenario against the pinned input, build, manifest and state.",Wick-only and sub-tick breaks are rejected; tolerance is instrument-valid.,Machine-readable result + logs/fixtures/output hashes + owner/reviewer signature,NOT_RUN
M205,Inherited 224 falsification registry,M2 BOS / CHoCH,P1,G3,Retest state machine,"Run the named adversarial/golden/property scenario against the pinned input, build, manifest and state.",Break → pullback → hold/entry order cannot skip or reorder states.,Machine-readable result + logs/fixtures/output hashes + owner/reviewer signature,NOT_RUN
M206,Inherited 224 falsification registry,M2 BOS / CHoCH,P1,G3,First-retest rule,"Run the named adversarial/golden/property scenario against the pinned input, build, manifest and state.",Second and later touches are separated and cannot contaminate first-retest results.,Machine-readable result + logs/fixtures/output hashes + owner/reviewer signature,NOT_RUN
M207,Inherited 224 falsification registry,M2 BOS / CHoCH,P1,G3,Age expiry,"Run the named adversarial/golden/property scenario against the pinned input, build, manifest and state.",Old structures cannot remain eligible beyond a registered causal horizon.,Machine-readable result + logs/fixtures/output hashes + owner/reviewer signature,NOT_RUN
M208,Inherited 224 falsification registry,M2 BOS / CHoCH,P1,G3,Distance-from-mark gate,"Run the named adversarial/golden/property scenario against the pinned input, build, manifest and state.",Entry distance and stop geometry remain within executable/cost-valid bounds.,Machine-readable result + logs/fixtures/output hashes + owner/reviewer signature,NOT_RUN
M209,Inherited 224 falsification registry,M2 BOS / CHoCH,P1,G3,Long beta control,"Run the named adversarial/golden/property scenario against the pinned input, build, manifest and state.",M2 LONG beats matched random/time/symbol long entries and BTC/common-factor controls.,Machine-readable result + logs/fixtures/output hashes + owner/reviewer signature,NOT_RUN
M210,Inherited 224 falsification registry,M2 BOS / CHoCH,P1,G3,Short measurement symmetry,"Run the named adversarial/golden/property scenario against the pinned input, build, manifest and state.",Inverted/SHORT measurement detects directional implementation asymmetry.,Machine-readable result + logs/fixtures/output hashes + owner/reviewer signature,NOT_RUN
M211,Inherited 224 falsification registry,M2 BOS / CHoCH,P1,G3,Regime matrix enforcement,"Run the named adversarial/golden/property scenario against the pinned input, build, manifest and state.",M2 eligibility exactly matches the boot-attested capsule×regime manifest.,Machine-readable result + logs/fixtures/output hashes + owner/reviewer signature,NOT_RUN
M212,Inherited 224 falsification registry,M2 BOS / CHoCH,P1,G3,Flow conjunct timing,"Run the named adversarial/golden/property scenario against the pinned input, build, manifest and state.",Optional OFI/volume confirmation uses only events known before the decision.,Machine-readable result + logs/fixtures/output hashes + owner/reviewer signature,NOT_RUN
M213,Inherited 224 falsification registry,M2 BOS / CHoCH,P1,G3,M2/M3 overlap attribution,"Run the named adversarial/golden/property scenario against the pinned input, build, manifest and state.",Same opportunity cluster cannot count as two independent trades.,Machine-readable result + logs/fixtures/output hashes + owner/reviewer signature,NOT_RUN
M214,Inherited 224 falsification registry,M2 BOS / CHoCH,P1,G3,M2 payoff integrity,"Run the named adversarial/golden/property scenario against the pinned input, build, manifest and state.",Realized win/loss/payoff distribution matches the declared stop/target/timeout contract.,Machine-readable result + logs/fixtures/output hashes + owner/reviewer signature,NOT_RUN
M301,Inherited 224 falsification registry,M3 order-block retest,P1,G3,Origin-candle identity,"Run the named adversarial/golden/property scenario against the pinned input, build, manifest and state.",OB ID derives from symbol/timeframe/origin time/geometry and survives restart.,Machine-readable result + logs/fixtures/output hashes + owner/reviewer signature,NOT_RUN
M302,Inherited 224 falsification registry,M3 order-block retest,P1,G3,Displacement causation,"Run the named adversarial/golden/property scenario against the pinned input, build, manifest and state.",An OB exists only if subsequent qualified displacement causes the declared structure break.,Machine-readable result + logs/fixtures/output hashes + owner/reviewer signature,NOT_RUN
M303,Inherited 224 falsification registry,M3 order-block retest,P1,G3,Body and wick quality,"Run the named adversarial/golden/property scenario against the pinned input, build, manifest and state.",Doji/noise candles fail unless their independent value is proven.,Machine-readable result + logs/fixtures/output hashes + owner/reviewer signature,NOT_RUN
M304,Inherited 224 falsification registry,M3 order-block retest,P1,G3,Freshness and age,"Run the named adversarial/golden/property scenario against the pinned input, build, manifest and state.",Eligibility decays/expires by event time; old retained structures cannot rearm.,Machine-readable result + logs/fixtures/output hashes + owner/reviewer signature,NOT_RUN
M305,Inherited 224 falsification registry,M3 order-block retest,P1,G3,Mitigation fraction,"Run the named adversarial/golden/property scenario against the pinned input, build, manifest and state.",Partial/full mitigation is tracked monotonically and filter-before-cap is enforced.,Machine-readable result + logs/fixtures/output hashes + owner/reviewer signature,NOT_RUN
M306,Inherited 224 falsification registry,M3 order-block retest,P1,G3,First-touch separation,"Run the named adversarial/golden/property scenario against the pinned input, build, manifest and state.","First, second and later retests are different cohorts.",Machine-readable result + logs/fixtures/output hashes + owner/reviewer signature,NOT_RUN
M307,Inherited 224 falsification registry,M3 order-block retest,P1,G3,Compression context,"Run the named adversarial/golden/property scenario against the pinned input, build, manifest and state.",Pre-displacement compression is causal and earns incremental net EV if used.,Machine-readable result + logs/fixtures/output hashes + owner/reviewer signature,NOT_RUN
M308,Inherited 224 falsification registry,M3 order-block retest,P1,G3,Zone width ceiling,"Run the named adversarial/golden/property scenario against the pinned input, build, manifest and state.",Final candidate stop respects hard geometry ceilings after all overrides.,Machine-readable result + logs/fixtures/output hashes + owner/reviewer signature,NOT_RUN
M309,Inherited 224 falsification registry,M3 order-block retest,P1,G3,Entry location ablation,"Run the named adversarial/golden/property scenario against the pinned input, build, manifest and state.",Near edge/mid/deep-zone maker prices are compared with queue-aware fill economics.,Machine-readable result + logs/fixtures/output hashes + owner/reviewer signature,NOT_RUN
M310,Inherited 224 falsification registry,M3 order-block retest,P1,G3,Invalidation semantics,"Run the named adversarial/golden/property scenario against the pinned input, build, manifest and state.","Provisional stop, thesis invalidation and actual executor stop are one explicit contract.",Machine-readable result + logs/fixtures/output hashes + owner/reviewer signature,NOT_RUN
M311,Inherited 224 falsification registry,M3 order-block retest,P1,G3,Target causality,"Run the named adversarial/golden/property scenario against the pinned input, build, manifest and state.",Structure targets existed at decision time and cannot be chosen from later bars.,Machine-readable result + logs/fixtures/output hashes + owner/reviewer signature,NOT_RUN
M312,Inherited 224 falsification registry,M3 order-block retest,P1,G3,Regime eligibility,"Run the named adversarial/golden/property scenario against the pinned input, build, manifest and state.",M3 is blocked outside its explicit matrix; no promotion bypass exists.,Machine-readable result + logs/fixtures/output hashes + owner/reviewer signature,NOT_RUN
M313,Inherited 224 falsification registry,M3 order-block retest,P1,G3,M3/M2 incremental edge,"Run the named adversarial/golden/property scenario against the pinned input, build, manifest and state.","M3 must improve leave-one-capsule-out portfolio EV, not duplicate M2.",Machine-readable result + logs/fixtures/output hashes + owner/reviewer signature,NOT_RUN
M314,Inherited 224 falsification registry,M3 order-block retest,P1,G3,Unchanged-zone suppression,"Run the named adversarial/golden/property scenario against the pinned input, build, manifest and state.",Repeated book triggers cannot create multiple OB campaigns.,Machine-readable result + logs/fixtures/output hashes + owner/reviewer signature,NOT_RUN
MS01,Inherited 224 falsification registry,Microstructure signals,P1,G3,Notional OFI horizons,"Run the named adversarial/golden/property scenario against the pinned input, build, manifest and state.",OFI is computed at registered 100ms/1s/5s horizons and is scale invariant.,Machine-readable result + logs/fixtures/output hashes + owner/reviewer signature,NOT_RUN
MS02,Inherited 224 falsification registry,Microstructure signals,P1,G3,Trade flow direction,"Run the named adversarial/golden/property scenario against the pinned input, build, manifest and state.",Aggressor classification matches venue semantics and survives reconnect.,Machine-readable result + logs/fixtures/output hashes + owner/reviewer signature,NOT_RUN
MS03,Inherited 224 falsification registry,Microstructure signals,P1,G3,Queue-position model,"Run the named adversarial/golden/property scenario against the pinned input, build, manifest and state.","Fill simulation uses queue ahead, cancellations, prints and latency—not touch alone.",Machine-readable result + logs/fixtures/output hashes + owner/reviewer signature,NOT_RUN
MS04,Inherited 224 falsification registry,Microstructure signals,P1,G3,Print-through quantity,"Run the named adversarial/golden/property scenario against the pinned input, build, manifest and state.",Partial trade quantity cannot fill an arbitrarily large maker order.,Machine-readable result + logs/fixtures/output hashes + owner/reviewer signature,NOT_RUN
MS05,Inherited 224 falsification registry,Microstructure signals,P1,G3,Maker adverse selection,"Run the named adversarial/golden/property scenario against the pinned input, build, manifest and state.",Measure 100ms/1s/5s post-fill markout by capsule/regime/symbol bucket.,Machine-readable result + logs/fixtures/output hashes + owner/reviewer signature,NOT_RUN
MS06,Inherited 224 falsification registry,Microstructure signals,P1,G3,Book spoof resilience,"Run the named adversarial/golden/property scenario against the pinned input, build, manifest and state.",Short-lived untraded depth cannot dominate signal without stability/print evidence.,Machine-readable result + logs/fixtures/output hashes + owner/reviewer signature,NOT_RUN
MS07,Inherited 224 falsification registry,Microstructure signals,P1,G3,Quote stuffing stress,"Run the named adversarial/golden/property scenario against the pinned input, build, manifest and state.",High update rate preserves order and bounded latency without false OFI spikes.,Machine-readable result + logs/fixtures/output hashes + owner/reviewer signature,NOT_RUN
MS08,Inherited 224 falsification registry,Microstructure signals,P1,G3,Sweep depth minimum,"Run the named adversarial/golden/property scenario against the pinned input, build, manifest and state.",Sweep must exceed a positive tick/notional/volatility-normalized threshold.,Machine-readable result + logs/fixtures/output hashes + owner/reviewer signature,NOT_RUN
MS09,Inherited 224 falsification registry,Microstructure signals,P1,G3,Reclaim latency,"Run the named adversarial/golden/property scenario against the pinned input, build, manifest and state.",Reclaim clock uses event time and rejects stale post-sweep returns.,Machine-readable result + logs/fixtures/output hashes + owner/reviewer signature,NOT_RUN
MS10,Inherited 224 falsification registry,Microstructure signals,P1,G3,Liquidation source integrity,"Run the named adversarial/golden/property scenario against the pinned input, build, manifest and state.",Only supported WS liquidation data enters; missing stream is explicit degraded.,Machine-readable result + logs/fixtures/output hashes + owner/reviewer signature,NOT_RUN
MS11,Inherited 224 falsification registry,Microstructure signals,P1,G3,Cross-venue clock alignment,"Run the named adversarial/golden/property scenario against the pinned input, build, manifest and state.",Cross-venue features include measured skew and cannot use a later venue update early.,Machine-readable result + logs/fixtures/output hashes + owner/reviewer signature,NOT_RUN
MS12,Inherited 224 falsification registry,Microstructure signals,P1,G3,Microprice correctness,"Run the named adversarial/golden/property scenario against the pinned input, build, manifest and state.","L2 microprice handles empty sides, crossed books and tick rounding fail-closed.",Machine-readable result + logs/fixtures/output hashes + owner/reviewer signature,NOT_RUN
MS13,Inherited 224 falsification registry,Microstructure signals,P1,G3,Low-liquidity capacity,"Run the named adversarial/golden/property scenario against the pinned input, build, manifest and state.",Expected maker size never exceeds depth/participation and minimum target economics.,Machine-readable result + logs/fixtures/output hashes + owner/reviewer signature,NOT_RUN
MS14,Inherited 224 falsification registry,Microstructure signals,P1,G3,Flow placebo,"Run the named adversarial/golden/property scenario against the pinned input, build, manifest and state.",Shuffled signs/timestamps destroy edge; surviving result triggers leakage investigation.,Machine-readable result + logs/fixtures/output hashes + owner/reviewer signature,NOT_RUN
RG01,Inherited 224 falsification registry,Regime & eligibility,P1,G3,Trend dimension,"Run the named adversarial/golden/property scenario against the pinned input, build, manifest and state.",Trend state is independent of volatility label and restart-stable.,Machine-readable result + logs/fixtures/output hashes + owner/reviewer signature,NOT_RUN
RG02,Inherited 224 falsification registry,Regime & eligibility,P1,G3,Volatility dimension,"Run the named adversarial/golden/property scenario against the pinned input, build, manifest and state.",Vol state uses multi-horizon causal inputs and explicit jump handling.,Machine-readable result + logs/fixtures/output hashes + owner/reviewer signature,NOT_RUN
RG03,Inherited 224 falsification registry,Regime & eligibility,P1,G3,Liquidity dimension,"Run the named adversarial/golden/property scenario against the pinned input, build, manifest and state.",Spread/depth/tape capacity uses tick-aware instrument metadata.,Machine-readable result + logs/fixtures/output hashes + owner/reviewer signature,NOT_RUN
RG04,Inherited 224 falsification registry,Regime & eligibility,P1,G3,Toxicity dimension,"Run the named adversarial/golden/property scenario against the pinned input, build, manifest and state.","Adverse selection/book instability affects eligibility, not just post-hoc reports.",Machine-readable result + logs/fixtures/output hashes + owner/reviewer signature,NOT_RUN
RG05,Inherited 224 falsification registry,Regime & eligibility,P1,G3,Hysteresis,"Run the named adversarial/golden/property scenario against the pinned input, build, manifest and state.",Boundary noise cannot flip state every packet; entry/exit thresholds are asymmetric.,Machine-readable result + logs/fixtures/output hashes + owner/reviewer signature,NOT_RUN
RG06,Inherited 224 falsification registry,Regime & eligibility,P1,G3,Minimum dwell,"Run the named adversarial/golden/property scenario against the pinned input, build, manifest and state.",Regime must persist for a registered event-time duration before money eligibility changes.,Machine-readable result + logs/fixtures/output hashes + owner/reviewer signature,NOT_RUN
RG07,Inherited 224 falsification registry,Regime & eligibility,P1,G3,Extreme halt,"Run the named adversarial/golden/property scenario against the pinned input, build, manifest and state.",Every capsule is blocked in extreme/halt state with a tested recovery rule.,Machine-readable result + logs/fixtures/output hashes + owner/reviewer signature,NOT_RUN
RG08,Inherited 224 falsification registry,Regime & eligibility,P1,G3,Capsule matrix authority,"Run the named adversarial/golden/property scenario against the pinned input, build, manifest and state.","One generated manifest controls docs, boot attestation and runtime gate.",Machine-readable result + logs/fixtures/output hashes + owner/reviewer signature,NOT_RUN
RG09,Inherited 224 falsification registry,Regime & eligibility,P1,G3,Size multiplier wiring,"Run the named adversarial/golden/property scenario against the pinned input, build, manifest and state.",Any regime sizing factor is applied before the final risk cap and visible in attribution.,Machine-readable result + logs/fixtures/output hashes + owner/reviewer signature,NOT_RUN
RG10,Inherited 224 falsification registry,Regime & eligibility,P1,G3,Unknown regime fail-close,"Run the named adversarial/golden/property scenario against the pinned input, build, manifest and state.",Missing inputs never map to NORMAL by default.,Machine-readable result + logs/fixtures/output hashes + owner/reviewer signature,NOT_RUN
RG11,Inherited 224 falsification registry,Regime & eligibility,P1,G3,Transition attribution,"Run the named adversarial/golden/property scenario against the pinned input, build, manifest and state.",Outcomes are segmented by decision regime and transition state without hindsight relabeling.,Machine-readable result + logs/fixtures/output hashes + owner/reviewer signature,NOT_RUN
RG12,Inherited 224 falsification registry,Regime & eligibility,P1,G3,Regime ablation,"Run the named adversarial/golden/property scenario against the pinned input, build, manifest and state.",Each regime gate improves untouched net EV or risk-adjusted utility versus no gate.,Machine-readable result + logs/fixtures/output hashes + owner/reviewer signature,NOT_RUN
RG13,Inherited 224 falsification registry,Regime & eligibility,P1,G3,Sparse-cell shrinkage,"Run the named adversarial/golden/property scenario against the pinned input, build, manifest and state.",Low-count symbol/regime cells borrow strength; no unstable raw mean promotion.,Machine-readable result + logs/fixtures/output hashes + owner/reviewer signature,NOT_RUN
RG14,Inherited 224 falsification registry,Regime & eligibility,P1,G3,Regime drift,"Run the named adversarial/golden/property scenario against the pinned input, build, manifest and state.",Population and calibration drift trigger demotion before threshold retuning.,Machine-readable result + logs/fixtures/output hashes + owner/reviewer signature,NOT_RUN
UN01,Inherited 224 falsification registry,Universe & fairness,P1,G4,LIVE30 manifest,"Run the named adversarial/golden/property scenario against the pinned input, build, manifest and state.",Exactly the intended 30 capable symbols are boot-attested; positions remain separately capped.,Machine-readable result + logs/fixtures/output hashes + owner/reviewer signature,NOT_RUN
UN02,Inherited 224 falsification registry,Universe & fairness,P1,G4,Tick metadata coverage,"Run the named adversarial/golden/property scenario against the pinned input, build, manifest and state.",100% of capable symbols have current tick/step/min-notional filters.,Machine-readable result + logs/fixtures/output hashes + owner/reviewer signature,NOT_RUN
UN03,Inherited 224 falsification registry,Universe & fairness,P1,G4,Arrival/service funnel,"Run the named adversarial/golden/property scenario against the pinned input, build, manifest and state.","Every symbol reports raw arrivals, valid packets, capsule opportunities, decisions and fills.",Machine-readable result + logs/fixtures/output hashes + owner/reviewer signature,NOT_RUN
UN04,Inherited 224 falsification registry,Universe & fairness,P1,G4,Never-served detection,"Run the named adversarial/golden/property scenario against the pinned input, build, manifest and state.",Any capable symbol with arrivals but zero service triggers a named cause and alert.,Machine-readable result + logs/fixtures/output hashes + owner/reviewer signature,NOT_RUN
UN05,Inherited 224 falsification registry,Universe & fairness,P1,G4,Fairness under slow first symbol,"Run the named adversarial/golden/property scenario against the pinned input, build, manifest and state.",A timeout in the first symbol cannot starve later symbols.,Machine-readable result + logs/fixtures/output hashes + owner/reviewer signature,NOT_RUN
UN06,Inherited 224 falsification registry,Universe & fairness,P1,G4,Round-robin scheduling,"Run the named adversarial/golden/property scenario against the pinned input, build, manifest and state.",Sweep order does not create persistent freshness advantage.,Machine-readable result + logs/fixtures/output hashes + owner/reviewer signature,NOT_RUN
UN07,Inherited 224 falsification registry,Universe & fairness,P1,G4,Per-symbol backpressure,"Run the named adversarial/golden/property scenario against the pinned input, build, manifest and state.",One noisy symbol cannot consume global candidate/order queue capacity.,Machine-readable result + logs/fixtures/output hashes + owner/reviewer signature,NOT_RUN
UN08,Inherited 224 falsification registry,Universe & fairness,P1,G4,Low-price scale metamorphism,"Run the named adversarial/golden/property scenario against the pinned input, build, manifest and state.",Multiplying price/quantity units leaves normalized eligibility unchanged.,Machine-readable result + logs/fixtures/output hashes + owner/reviewer signature,NOT_RUN
UN09,Inherited 224 falsification registry,Universe & fairness,P1,G4,Static score value test,"Run the named adversarial/golden/property scenario against the pinned input, build, manifest and state.",Symbol score must demonstrate predictive/capacity value or be removed from edge scoring.,Machine-readable result + logs/fixtures/output hashes + owner/reviewer signature,NOT_RUN
UN10,Inherited 224 falsification registry,Universe & fairness,P1,G4,Enabled-unscored fail-close,"Run the named adversarial/golden/property scenario against the pinned input, build, manifest and state.",A symbol such as an unscored manifest row cannot silently trade.,Machine-readable result + logs/fixtures/output hashes + owner/reviewer signature,NOT_RUN
UN11,Inherited 224 falsification registry,Universe & fairness,P1,G4,Symbol beta attribution,"Run the named adversarial/golden/property scenario against the pinned input, build, manifest and state.",Per-symbol performance separates common BTC/market beta from capsule alpha.,Machine-readable result + logs/fixtures/output hashes + owner/reviewer signature,NOT_RUN
UN12,Inherited 224 falsification registry,Universe & fairness,P1,G4,Hierarchical pooling,"Run the named adversarial/golden/property scenario against the pinned input, build, manifest and state.",Sparse symbols do not get bespoke thresholds from tiny samples.,Machine-readable result + logs/fixtures/output hashes + owner/reviewer signature,NOT_RUN
UN13,Inherited 224 falsification registry,Universe & fairness,P1,G4,Delist/filter change,"Run the named adversarial/golden/property scenario against the pinned input, build, manifest and state.",Venue metadata change quarantines the symbol before an invalid order.,Machine-readable result + logs/fixtures/output hashes + owner/reviewer signature,NOT_RUN
UN14,Inherited 224 falsification registry,Universe & fairness,P1,G4,Four-symbol money concentration,"Run the named adversarial/golden/property scenario against the pinned input, build, manifest and state.","Historical concentration is decomposed by arrival, gate, order and fill causes before conclusions.",Machine-readable result + logs/fixtures/output hashes + owner/reviewer signature,NOT_RUN
EX01,Inherited 224 falsification registry,Execution & fills,P0,G6,Post-only entry enforcement,"Run the named adversarial/golden/property scenario against the pinned input, build, manifest and state.",Venue acknowledgement and fill role prove every entry remained maker.,Machine-readable result + logs/fixtures/output hashes + owner/reviewer signature,NOT_RUN
EX02,Inherited 224 falsification registry,Execution & fills,P0,G6,No hidden taker fallback,"Run the named adversarial/golden/property scenario against the pinned input, build, manifest and state.",Timeout/requote/cancel paths never mutate to market/IOC without a constitutional event.,Machine-readable result + logs/fixtures/output hashes + owner/reviewer signature,NOT_RUN
EX03,Inherited 224 falsification registry,Execution & fills,P0,G6,Tick/step rounding,"Run the named adversarial/golden/property scenario against the pinned input, build, manifest and state.",All prices/quantities pass venue filters for every capable symbol.,Machine-readable result + logs/fixtures/output hashes + owner/reviewer signature,NOT_RUN
EX04,Inherited 224 falsification registry,Execution & fills,P0,G6,Minimum notional,"Run the named adversarial/golden/property scenario against the pinned input, build, manifest and state.",Partial/remainder orders never violate min-notional after rounding.,Machine-readable result + logs/fixtures/output hashes + owner/reviewer signature,NOT_RUN
EX05,Inherited 224 falsification registry,Execution & fills,P0,G6,Partial entry accounting,"Run the named adversarial/golden/property scenario against the pinned input, build, manifest and state.",Modeled position equals cumulative venue fills and fees at every update.,Machine-readable result + logs/fixtures/output hashes + owner/reviewer signature,NOT_RUN
EX06,Inherited 224 falsification registry,Execution & fills,P0,G6,Late fill after cancel,"Run the named adversarial/golden/property scenario against the pinned input, build, manifest and state.",Cancel/fill race converges to one known position and one campaign.,Machine-readable result + logs/fixtures/output hashes + owner/reviewer signature,NOT_RUN
EX07,Inherited 224 falsification registry,Execution & fills,P0,G6,Duplicate acknowledgement,"Run the named adversarial/golden/property scenario against the pinned input, build, manifest and state.",Repeated WS/REST events are idempotent.,Machine-readable result + logs/fixtures/output hashes + owner/reviewer signature,NOT_RUN
EX08,Inherited 224 falsification registry,Execution & fills,P0,G6,Deterministic client IDs,"Run the named adversarial/golden/property scenario against the pinned input, build, manifest and state.",Retry/restart cannot create a second order for one attempt.,Machine-readable result + logs/fixtures/output hashes + owner/reviewer signature,NOT_RUN
EX09,Inherited 224 falsification registry,Execution & fills,P0,G6,Requote economics,"Run the named adversarial/golden/property scenario against the pinned input, build, manifest and state.",Every requote preserves setup TTL and recalculates queue/fill EV without identity reset.,Machine-readable result + logs/fixtures/output hashes + owner/reviewer signature,NOT_RUN
EX10,Inherited 224 falsification registry,Execution & fills,P0,G6,Maker fill simulation parity,"Run the named adversarial/golden/property scenario against the pinned input, build, manifest and state.",Replay fills match venue transcripts within registered calibration bands.,Machine-readable result + logs/fixtures/output hashes + owner/reviewer signature,NOT_RUN
EX11,Inherited 224 falsification registry,Execution & fills,P0,G6,Fee schedule/account tier,"Run the named adversarial/golden/property scenario against the pinned input, build, manifest and state.",Actual charged fee overrides static public assumptions and is versioned by account/venue.,Machine-readable result + logs/fixtures/output hashes + owner/reviewer signature,NOT_RUN
EX12,Inherited 224 falsification registry,Execution & fills,P0,G6,Four taker breaches,"Run the named adversarial/golden/property scenario against the pinned input, build, manifest and state.",Each historical breach has a causal route and a regression transcript.,Machine-readable result + logs/fixtures/output hashes + owner/reviewer signature,NOT_RUN
EX13,Inherited 224 falsification registry,Execution & fills,P0,G6,Unknown order reconciliation,"Run the named adversarial/golden/property scenario against the pinned input, build, manifest and state.",Unknown/open venue order stops new risk until classified or safely resolved.,Machine-readable result + logs/fixtures/output hashes + owner/reviewer signature,NOT_RUN
EX14,Inherited 224 falsification registry,Execution & fills,P0,G6,Venue outage,"Run the named adversarial/golden/property scenario against the pinned input, build, manifest and state.",Submit uncertainty fails closed and recovery proves whether an order exists before retry.,Machine-readable result + logs/fixtures/output hashes + owner/reviewer signature,NOT_RUN
XL01,Inherited 224 falsification registry,Exits & position lifecycle,P0,G6,Position opens at actual fill,"Run the named adversarial/golden/property scenario against the pinned input, build, manifest and state.","Hold/TTL clocks begin from defined fill/campaign events, not order placement.",Machine-readable result + logs/fixtures/output hashes + owner/reviewer signature,NOT_RUN
XL02,Inherited 224 falsification registry,Exits & position lifecycle,P0,G6,Protective order acknowledgement,"Run the named adversarial/golden/property scenario against the pinned input, build, manifest and state.",No position is considered protected until venue state proves the protection contract.,Machine-readable result + logs/fixtures/output hashes + owner/reviewer signature,NOT_RUN
XL03,Inherited 224 falsification registry,Exits & position lifecycle,P0,G6,Strict-maker stop semantics,"Run the named adversarial/golden/property scenario against the pinned input, build, manifest and state.",Pure-maker mode explicitly records that immediate stop fill is not guaranteed.,Machine-readable result + logs/fixtures/output hashes + owner/reviewer signature,NOT_RUN
XL04,Inherited 224 falsification registry,Exits & position lifecycle,P0,G6,Same-tick TP and SL,"Run the named adversarial/golden/property scenario against the pinned input, build, manifest and state.",Venue sequence determines outcome; bar simulator cannot choose favorable ordering.,Machine-readable result + logs/fixtures/output hashes + owner/reviewer signature,NOT_RUN
XL05,Inherited 224 falsification registry,Exits & position lifecycle,P0,G6,Partial TP quantities,"Run the named adversarial/golden/property scenario against the pinned input, build, manifest and state.",Executor follows decision quantities exactly; sum plus runner equals filled position.,Machine-readable result + logs/fixtures/output hashes + owner/reviewer signature,NOT_RUN
XL06,Inherited 224 falsification registry,Exits & position lifecycle,P0,G6,Reduce-only enforcement,"Run the named adversarial/golden/property scenario against the pinned input, build, manifest and state.",Every exit is reduce-only and cannot reverse exposure after another close route.,Machine-readable result + logs/fixtures/output hashes + owner/reviewer signature,NOT_RUN
XL07,Inherited 224 falsification registry,Exits & position lifecycle,P0,G6,Exit ID persistence,"Run the named adversarial/golden/property scenario against the pinned input, build, manifest and state.",All local exits retain IDs and clear position only from reconciled fills.,Machine-readable result + logs/fixtures/output hashes + owner/reviewer signature,NOT_RUN
XL08,Inherited 224 falsification registry,Exits & position lifecycle,P0,G6,Time exit price,"Run the named adversarial/golden/property scenario against the pinned input, build, manifest and state.","Replay uses executable bid/ask/queue logic, never candle high for a long time exit.",Machine-readable result + logs/fixtures/output hashes + owner/reviewer signature,NOT_RUN
XL09,Inherited 224 falsification registry,Exits & position lifecycle,P0,G6,Funding across hold,"Run the named adversarial/golden/property scenario against the pinned input, build, manifest and state.",Campaign P&L includes all funding debits/credits accrued during exposure.,Machine-readable result + logs/fixtures/output hashes + owner/reviewer signature,NOT_RUN
XL10,Inherited 224 falsification registry,Exits & position lifecycle,P0,G6,End-of-fold marking,"Run the named adversarial/golden/property scenario against the pinned input, build, manifest and state.",Open positions are force-closed or conservatively marked; tail exposure is never censored.,Machine-readable result + logs/fixtures/output hashes + owner/reviewer signature,NOT_RUN
XL11,Inherited 224 falsification registry,Exits & position lifecycle,P0,G6,Process kill completion,"Run the named adversarial/golden/property scenario against the pinned input, build, manifest and state.",Shutdown waits for the chosen safety action and verifies terminal state before exit.,Machine-readable result + logs/fixtures/output hashes + owner/reviewer signature,NOT_RUN
XL12,Inherited 224 falsification registry,Exits & position lifecycle,P0,G6,Multi-row fills,"Run the named adversarial/golden/property scenario against the pinned input, build, manifest and state.",All execution rows aggregate before campaign state transitions.,Machine-readable result + logs/fixtures/output hashes + owner/reviewer signature,NOT_RUN
XL13,Inherited 224 falsification registry,Exits & position lifecycle,P0,G6,Orphan protection repair,"Run the named adversarial/golden/property scenario against the pinned input, build, manifest and state.","Reconciliation repairs or quarantines missing protection, not only reports it.",Machine-readable result + logs/fixtures/output hashes + owner/reviewer signature,NOT_RUN
XL14,Inherited 224 falsification registry,Exits & position lifecycle,P0,G6,Position truth invariant,"Run the named adversarial/golden/property scenario against the pinned input, build, manifest and state.","Engine, risk, executor, venue and ledger quantities reconcile to exact decimal equality.",Machine-readable result + logs/fixtures/output hashes + owner/reviewer signature,NOT_RUN
RK01,Inherited 224 falsification registry,Risk & portfolio,P0,G6,Final risk cap,"Run the named adversarial/golden/property scenario against the pinned input, build, manifest and state.",All multipliers/rounding occur before one final authoritative cap.,Machine-readable result + logs/fixtures/output hashes + owner/reviewer signature,NOT_RUN
RK02,Inherited 224 falsification registry,Risk & portfolio,P0,G6,Stop-risk sizing,"Run the named adversarial/golden/property scenario against the pinned input, build, manifest and state.","Quantity uses actual executable entry and stop geometry, not fixed leverage as edge.",Machine-readable result + logs/fixtures/output hashes + owner/reviewer signature,NOT_RUN
RK03,Inherited 224 falsification registry,Risk & portfolio,P0,G6,Portfolio position cap,"Run the named adversarial/golden/property scenario against the pinned input, build, manifest and state.",Cap means simultaneous positions; it does not reduce symbol capability/fairness.,Machine-readable result + logs/fixtures/output hashes + owner/reviewer signature,NOT_RUN
RK04,Inherited 224 falsification registry,Risk & portfolio,P0,G6,Same-factor exposure,"Run the named adversarial/golden/property scenario against the pinned input, build, manifest and state.",Correlated symbols and duplicate opportunity clusters share a risk budget.,Machine-readable result + logs/fixtures/output hashes + owner/reviewer signature,NOT_RUN
RK05,Inherited 224 falsification registry,Risk & portfolio,P0,G6,Per-symbol position lock,"Run the named adversarial/golden/property scenario against the pinned input, build, manifest and state.",No new campaign opens while canonical exposure or unresolved order exists.,Machine-readable result + logs/fixtures/output hashes + owner/reviewer signature,NOT_RUN
RK06,Inherited 224 falsification registry,Risk & portfolio,P0,G6,Daily loss sign,"Run the named adversarial/golden/property scenario against the pinned input, build, manifest and state.",Loss accumulation/kill comparison uses correct sign and restart-stable equity baseline.,Machine-readable result + logs/fixtures/output hashes + owner/reviewer signature,NOT_RUN
RK07,Inherited 224 falsification registry,Risk & portfolio,P0,G6,Weekly loss baseline,"Run the named adversarial/golden/property scenario against the pinned input, build, manifest and state.",Week boundary/timezone and restart behavior are deterministic.,Machine-readable result + logs/fixtures/output hashes + owner/reviewer signature,NOT_RUN
RK08,Inherited 224 falsification registry,Risk & portfolio,P0,G6,Consecutive-loss cooldown,"Run the named adversarial/golden/property scenario against the pinned input, build, manifest and state.","Campaign outcomes, not fill fragments, drive streaks and recovery.",Machine-readable result + logs/fixtures/output hashes + owner/reviewer signature,NOT_RUN
RK09,Inherited 224 falsification registry,Risk & portfolio,P0,G6,Gap/non-fill tail,"Run the named adversarial/golden/property scenario against the pinned input, build, manifest and state.",Strict-maker policy stress includes unfilled stop and liquidation-tail scenarios.,Machine-readable result + logs/fixtures/output hashes + owner/reviewer signature,NOT_RUN
RK10,Inherited 224 falsification registry,Risk & portfolio,P0,G6,Leverage failure,"Run the named adversarial/golden/property scenario against the pinned input, build, manifest and state.",Venue leverage/margin-mode setup failure blocks entry rather than warns and continues.,Machine-readable result + logs/fixtures/output hashes + owner/reviewer signature,NOT_RUN
RK11,Inherited 224 falsification registry,Risk & portfolio,P0,G6,Risk reservation cleanup,"Run the named adversarial/golden/property scenario against the pinned input, build, manifest and state.",Reject/cancel/timeout/dedupe releases reservations exactly once.,Machine-readable result + logs/fixtures/output hashes + owner/reviewer signature,NOT_RUN
RK12,Inherited 224 falsification registry,Risk & portfolio,P0,G6,Minimum viable canary,"Run the named adversarial/golden/property scenario against the pinned input, build, manifest and state.",Canary uses the smallest practical risk; risk ramp is independent of edge selection.,Machine-readable result + logs/fixtures/output hashes + owner/reviewer signature,NOT_RUN
RK13,Inherited 224 falsification registry,Risk & portfolio,P0,G6,Drawdown simulation,"Run the named adversarial/golden/property scenario against the pinned input, build, manifest and state.",Block bootstrap/opportunity clusters preserve dependence and fat tails.,Machine-readable result + logs/fixtures/output hashes + owner/reviewer signature,NOT_RUN
RK14,Inherited 224 falsification registry,Risk & portfolio,P0,G6,Risk authority uniqueness,"Run the named adversarial/golden/property scenario against the pinned input, build, manifest and state.","No capsule, adapter or later sizing stage can override E08 final quantity.",Machine-readable result + logs/fixtures/output hashes + owner/reviewer signature,NOT_RUN
RP01,Inherited 224 falsification registry,Replay & restart,P0,G1/G4,Raw event to candidate replay,"Run the named adversarial/golden/property scenario against the pinned input, build, manifest and state.","Raw ledger rebuilds bars, features, regimes, capsule state and candidates—not packet rehash only.",Machine-readable result + logs/fixtures/output hashes + owner/reviewer signature,NOT_RUN
RP02,Inherited 224 falsification registry,Replay & restart,P0,G1/G4,Warm restart equivalence,"Run the named adversarial/golden/property scenario against the pinned input, build, manifest and state.",Restart at arbitrary event yields identical subsequent state/candidates to uninterrupted run.,Machine-readable result + logs/fixtures/output hashes + owner/reviewer signature,NOT_RUN
RP03,Inherited 224 falsification registry,Replay & restart,P0,G1/G4,Cold restart history sufficiency,"Run the named adversarial/golden/property scenario against the pinned input, build, manifest and state.",1h/4h/1d features remain identical after declared backfill/checkpoint restore.,Machine-readable result + logs/fixtures/output hashes + owner/reviewer signature,NOT_RUN
RP04,Inherited 224 falsification registry,Replay & restart,P0,G1/G4,Checkpoint corruption,"Run the named adversarial/golden/property scenario against the pinned input, build, manifest and state.","Bad/missing checkpoint is detected and fail-closed, never partially loaded.",Machine-readable result + logs/fixtures/output hashes + owner/reviewer signature,NOT_RUN
RP05,Inherited 224 falsification registry,Replay & restart,P0,G1/G4,Config-version replay,"Run the named adversarial/golden/property scenario against the pinned input, build, manifest and state.",Historical tape runs with the exact historical config and instrument metadata.,Machine-readable result + logs/fixtures/output hashes + owner/reviewer signature,NOT_RUN
RP06,Inherited 224 falsification registry,Replay & restart,P0,G1/G4,Binary-version replay,"Run the named adversarial/golden/property scenario against the pinned input, build, manifest and state.",Outcome links to executable build hash; changed code cannot impersonate old results.,Machine-readable result + logs/fixtures/output hashes + owner/reviewer signature,NOT_RUN
RP07,Inherited 224 falsification registry,Replay & restart,P0,G1/G4,Packet tamper detection,"Run the named adversarial/golden/property scenario against the pinned input, build, manifest and state.",Any field mutation changes hash and is rejected.,Machine-readable result + logs/fixtures/output hashes + owner/reviewer signature,NOT_RUN
RP08,Inherited 224 falsification registry,Replay & restart,P0,G1/G4,Event reorder metamorphism,"Run the named adversarial/golden/property scenario against the pinned input, build, manifest and state.",Permissible transport reorder converges to canonical sequence; impermissible gaps quarantine.,Machine-readable result + logs/fixtures/output hashes + owner/reviewer signature,NOT_RUN
RP09,Inherited 224 falsification registry,Replay & restart,P0,G1/G4,Duplicate raw events,"Run the named adversarial/golden/property scenario against the pinned input, build, manifest and state.",Replayed duplicates do not change bars/features/candidates.,Machine-readable result + logs/fixtures/output hashes + owner/reviewer signature,NOT_RUN
RP10,Inherited 224 falsification registry,Replay & restart,P0,G1/G4,Gap injection,"Run the named adversarial/golden/property scenario against the pinned input, build, manifest and state.",Known missing intervals propagate to modules and recover only after clean windows.,Machine-readable result + logs/fixtures/output hashes + owner/reviewer signature,NOT_RUN
RP11,Inherited 224 falsification registry,Replay & restart,P0,G1/G4,DST/timezone independence,"Run the named adversarial/golden/property scenario against the pinned input, build, manifest and state.",UTC event logic is identical across host timezone/DST settings.,Machine-readable result + logs/fixtures/output hashes + owner/reviewer signature,NOT_RUN
RP12,Inherited 224 falsification registry,Replay & restart,P0,G1/G4,Floating/decimal determinism,"Run the named adversarial/golden/property scenario against the pinned input, build, manifest and state.",Supported platforms yield identical hashes and order geometry.,Machine-readable result + logs/fixtures/output hashes + owner/reviewer signature,NOT_RUN
RP13,Inherited 224 falsification registry,Replay & restart,P0,G1/G4,One setup across restart,"Run the named adversarial/golden/property scenario against the pinned input, build, manifest and state.",Stable identity prevents a restarted engine from rearming unchanged structure.,Machine-readable result + logs/fixtures/output hashes + owner/reviewer signature,NOT_RUN
RP14,Inherited 224 falsification registry,Replay & restart,P0,G1/G4,Replay/live differential,"Run the named adversarial/golden/property scenario against the pinned input, build, manifest and state.",Live journal and replay state transitions match event by event for sampled sessions.,Machine-readable result + logs/fixtures/output hashes + owner/reviewer signature,NOT_RUN
ST01,Inherited 224 falsification registry,Statistics & promotion,P1,G4/G8,Opportunity unit definition,"Run the named adversarial/golden/property scenario against the pinned input, build, manifest and state.","Sample unit is a deduplicated opportunity cluster, not every overlapping shadow row.",Machine-readable result + logs/fixtures/output hashes + owner/reviewer signature,NOT_RUN
ST02,Inherited 224 falsification registry,Statistics & promotion,P1,G4/G8,Purging and embargo,"Run the named adversarial/golden/property scenario against the pinned input, build, manifest and state.",Training/validation splits remove horizon overlap and adjacent information leakage.,Machine-readable result + logs/fixtures/output hashes + owner/reviewer signature,NOT_RUN
ST03,Inherited 224 falsification registry,Statistics & promotion,P1,G4/G8,Nested walk-forward,"Run the named adversarial/golden/property scenario against the pinned input, build, manifest and state.",Parameter selection occurs inside training folds; outer folds remain untouched.,Machine-readable result + logs/fixtures/output hashes + owner/reviewer signature,NOT_RUN
ST04,Inherited 224 falsification registry,Statistics & promotion,P1,G4/G8,Trial ledger completeness,"Run the named adversarial/golden/property scenario against the pinned input, build, manifest and state.",Every tested feature/gate/threshold/config is registered before result access.,Machine-readable result + logs/fixtures/output hashes + owner/reviewer signature,NOT_RUN
ST05,Inherited 224 falsification registry,Statistics & promotion,P1,G4/G8,PBO/CSCV,"Run the named adversarial/golden/property scenario against the pinned input, build, manifest and state.",Configuration family reports probability of backtest overfitting.,Machine-readable result + logs/fixtures/output hashes + owner/reviewer signature,NOT_RUN
ST06,Inherited 224 falsification registry,Statistics & promotion,P1,G4/G8,Deflated Sharpe,"Run the named adversarial/golden/property scenario against the pinned input, build, manifest and state.",Significance accounts for selection count and non-normal returns.,Machine-readable result + logs/fixtures/output hashes + owner/reviewer signature,NOT_RUN
ST07,Inherited 224 falsification registry,Statistics & promotion,P1,G4/G8,Clustered uncertainty,"Run the named adversarial/golden/property scenario against the pinned input, build, manifest and state.","Confidence intervals cluster by time/opportunity/common factor, not iid rows.",Machine-readable result + logs/fixtures/output hashes + owner/reviewer signature,NOT_RUN
ST08,Inherited 224 falsification registry,Statistics & promotion,P1,G4/G8,Matched beta control,"Run the named adversarial/golden/property scenario against the pinned input, build, manifest and state.",Long-only capsule beats matched symbol/time/market-direction baselines.,Machine-readable result + logs/fixtures/output hashes + owner/reviewer signature,NOT_RUN
ST09,Inherited 224 falsification registry,Statistics & promotion,P1,G4/G8,Placebo timestamps,"Run the named adversarial/golden/property scenario against the pinned input, build, manifest and state.",Shifted/randomized decision times eliminate apparent edge.,Machine-readable result + logs/fixtures/output hashes + owner/reviewer signature,NOT_RUN
ST10,Inherited 224 falsification registry,Statistics & promotion,P1,G4/G8,Label-delay test,"Run the named adversarial/golden/property scenario against the pinned input, build, manifest and state.",Moving features one step earlier/later exposes future leakage sensitivity.,Machine-readable result + logs/fixtures/output hashes + owner/reviewer signature,NOT_RUN
ST11,Inherited 224 falsification registry,Statistics & promotion,P1,G4/G8,Ablation,"Run the named adversarial/golden/property scenario against the pinned input, build, manifest and state.",Each conjunct/capsule shows incremental untouched net EV and count/cost trade-off.,Machine-readable result + logs/fixtures/output hashes + owner/reviewer signature,NOT_RUN
ST12,Inherited 224 falsification registry,Statistics & promotion,P1,G4/G8,Prospective freeze,"Run the named adversarial/golden/property scenario against the pinned input, build, manifest and state.",Code/config/hypothesis freeze precedes the prospective shadow/live sample.,Machine-readable result + logs/fixtures/output hashes + owner/reviewer signature,NOT_RUN
ST13,Inherited 224 falsification registry,Statistics & promotion,P1,G4/G8,Calibration,"Run the named adversarial/golden/property scenario against the pinned input, build, manifest and state.",Predicted win/fill/payoff probabilities meet registered reliability/error bounds.,Machine-readable result + logs/fixtures/output hashes + owner/reviewer signature,NOT_RUN
ST14,Inherited 224 falsification registry,Statistics & promotion,P1,G4/G8,Sequential demotion,"Run the named adversarial/golden/property scenario against the pinned input, build, manifest and state.",Live harm/drift boundaries stop or demote without optional operator interpretation.,Machine-readable result + logs/fixtures/output hashes + owner/reviewer signature,NOT_RUN
AD01,Inherited 224 falsification registry,Adversarial markets,P1,G4/G6,Flash gap,"Run the named adversarial/golden/property scenario against the pinned input, build, manifest and state.",Large one-tick gap preserves state/risk invariants and exposes maker stop non-fill.,Machine-readable result + logs/fixtures/output hashes + owner/reviewer signature,NOT_RUN
AD02,Inherited 224 falsification registry,Adversarial markets,P1,G4/G6,Crossed/empty book,"Run the named adversarial/golden/property scenario against the pinned input, build, manifest and state.",No signal/order uses an invalid book; recovery requires sequence-valid resync.,Machine-readable result + logs/fixtures/output hashes + owner/reviewer signature,NOT_RUN
AD03,Inherited 224 falsification registry,Adversarial markets,P1,G4/G6,Zero/negative quantities,"Run the named adversarial/golden/property scenario against the pinned input, build, manifest and state.",Malformed market data is quarantined and cannot corrupt depth/OFI.,Machine-readable result + logs/fixtures/output hashes + owner/reviewer signature,NOT_RUN
AD04,Inherited 224 falsification registry,Adversarial markets,P1,G4/G6,Price precision extremes,"Run the named adversarial/golden/property scenario against the pinned input, build, manifest and state.",Very low/high priced symbols retain valid normalized geometry.,Machine-readable result + logs/fixtures/output hashes + owner/reviewer signature,NOT_RUN
AD05,Inherited 224 falsification registry,Adversarial markets,P1,G4/G6,Volatility halt,"Run the named adversarial/golden/property scenario against the pinned input, build, manifest and state.",Extreme state blocks all entries and cancels/retains orders according to explicit law.,Machine-readable result + logs/fixtures/output hashes + owner/reviewer signature,NOT_RUN
AD06,Inherited 224 falsification registry,Adversarial markets,P1,G4/G6,Funding shock,"Run the named adversarial/golden/property scenario against the pinned input, build, manifest and state.",Unexpected funding magnitude affects net EV and eligibility without sign error.,Machine-readable result + logs/fixtures/output hashes + owner/reviewer signature,NOT_RUN
AD07,Inherited 224 falsification registry,Adversarial markets,P1,G4/G6,OI reset,"Run the named adversarial/golden/property scenario against the pinned input, build, manifest and state.",Contract rollover/API reset cannot masquerade as extreme OI signal.,Machine-readable result + logs/fixtures/output hashes + owner/reviewer signature,NOT_RUN
AD08,Inherited 224 falsification registry,Adversarial markets,P1,G4/G6,Mass liquidation burst,"Run the named adversarial/golden/property scenario against the pinned input, build, manifest and state.",Backpressure remains bounded; liquidation fade does not reuse one burst repeatedly.,Machine-readable result + logs/fixtures/output hashes + owner/reviewer signature,NOT_RUN
AD09,Inherited 224 falsification registry,Adversarial markets,P1,G4/G6,Spoof wall vanish,"Run the named adversarial/golden/property scenario against the pinned input, build, manifest and state.",Untraded depth cancellation does not create false durable support/resistance.,Machine-readable result + logs/fixtures/output hashes + owner/reviewer signature,NOT_RUN
AD10,Inherited 224 falsification registry,Adversarial markets,P1,G4/G6,Network partition,"Run the named adversarial/golden/property scenario against the pinned input, build, manifest and state.",Unknown submits and stale private state stop new entries until reconciliation.,Machine-readable result + logs/fixtures/output hashes + owner/reviewer signature,NOT_RUN
AD11,Inherited 224 falsification registry,Adversarial markets,P1,G4/G6,Duplicate private stream,"Run the named adversarial/golden/property scenario against the pinned input, build, manifest and state.",Repeated fills/orders remain idempotent.,Machine-readable result + logs/fixtures/output hashes + owner/reviewer signature,NOT_RUN
AD12,Inherited 224 falsification registry,Adversarial markets,P1,G4/G6,Venue maintenance/filter change,"Run the named adversarial/golden/property scenario against the pinned input, build, manifest and state.",Symbol quarantines before rejection loops or unprotected state.,Machine-readable result + logs/fixtures/output hashes + owner/reviewer signature,NOT_RUN
AD13,Inherited 224 falsification registry,Adversarial markets,P1,G4/G6,Clock rollback,"Run the named adversarial/golden/property scenario against the pinned input, build, manifest and state.","Host clock reversal cannot create negative ages, renewed TTL or duplicate IDs.",Machine-readable result + logs/fixtures/output hashes + owner/reviewer signature,NOT_RUN
AD14,Inherited 224 falsification registry,Adversarial markets,P1,G4/G6,Disk full/ledger failure,"Run the named adversarial/golden/property scenario against the pinned input, build, manifest and state.",Money path fails closed if evidence cannot be durably written.,Machine-readable result + logs/fixtures/output hashes + owner/reviewer signature,NOT_RUN
PF01,Inherited 224 falsification registry,Performance & backpressure,P1,G4/G6,LIVE30 packet latency,"Run the named adversarial/golden/property scenario against the pinned input, build, manifest and state.",Per-symbol p50/p95/p99 arrival→packet latency meets registered SLO.,Machine-readable result + logs/fixtures/output hashes + owner/reviewer signature,NOT_RUN
PF02,Inherited 224 falsification registry,Performance & backpressure,P1,G4/G6,Candidate latency,"Run the named adversarial/golden/property scenario against the pinned input, build, manifest and state.",Packet→capsule→policy latency is bounded and attributed.,Machine-readable result + logs/fixtures/output hashes + owner/reviewer signature,NOT_RUN
PF03,Inherited 224 falsification registry,Performance & backpressure,P1,G4/G6,Order latency,"Run the named adversarial/golden/property scenario against the pinned input, build, manifest and state.",Decision→risk→venue acknowledgement latency is measured per route.,Machine-readable result + logs/fixtures/output hashes + owner/reviewer signature,NOT_RUN
PF04,Inherited 224 falsification registry,Performance & backpressure,P1,G4/G6,Queue age gate,"Run the named adversarial/golden/property scenario against the pinned input, build, manifest and state.",Stale candidates cannot survive backlog and reach execution.,Machine-readable result + logs/fixtures/output hashes + owner/reviewer signature,NOT_RUN
PF05,Inherited 224 falsification registry,Performance & backpressure,P1,G4/G6,Judge/consumer isolation,"Run the named adversarial/golden/property scenario against the pinned input, build, manifest and state.",Deterministic candidate service does not block on later intelligence consumers.,Machine-readable result + logs/fixtures/output hashes + owner/reviewer signature,NOT_RUN
PF06,Inherited 224 falsification registry,Performance & backpressure,P1,G4/G6,Per-symbol queue isolation,"Run the named adversarial/golden/property scenario against the pinned input, build, manifest and state.",One noisy symbol cannot evict another symbol’s candidate.,Machine-readable result + logs/fixtures/output hashes + owner/reviewer signature,NOT_RUN
PF07,Inherited 224 falsification registry,Performance & backpressure,P1,G4/G6,Throttle slot cleanup,"Run the named adversarial/golden/property scenario against the pinned input, build, manifest and state.",Every terminal/suppressed path releases slot/watchdog/reservation exactly once.,Machine-readable result + logs/fixtures/output hashes + owner/reviewer signature,NOT_RUN
PF08,Inherited 224 falsification registry,Performance & backpressure,P1,G4/G6,Dedupe-before-arm,"Run the named adversarial/golden/property scenario against the pinned input, build, manifest and state.","Suppressed duplicates consume no publish, slot, watchdog or risk capacity.",Machine-readable result + logs/fixtures/output hashes + owner/reviewer signature,NOT_RUN
PF09,Inherited 224 falsification registry,Performance & backpressure,P1,G4/G6,Feed timeout budget,"Run the named adversarial/golden/property scenario against the pinned input, build, manifest and state.",Worst-case endpoint timeouts cannot exceed symbol freshness SLO.,Machine-readable result + logs/fixtures/output hashes + owner/reviewer signature,NOT_RUN
PF10,Inherited 224 falsification registry,Performance & backpressure,P1,G4/G6,Burst capacity,"Run the named adversarial/golden/property scenario against the pinned input, build, manifest and state.",Quote/trade bursts preserve sequence and bounded memory without silent drops.,Machine-readable result + logs/fixtures/output hashes + owner/reviewer signature,NOT_RUN
PF11,Inherited 224 falsification registry,Performance & backpressure,P1,G4/G6,Graceful degradation,"Run the named adversarial/golden/property scenario against the pinned input, build, manifest and state.",Optional feature loss blocks only dependent capsules and remains visible.,Machine-readable result + logs/fixtures/output hashes + owner/reviewer signature,NOT_RUN
PF12,Inherited 224 falsification registry,Performance & backpressure,P1,G4/G6,Memory retention,"Run the named adversarial/golden/property scenario against the pinned input, build, manifest and state.",Bar/structure buffers stay bounded without changing semantic state unexpectedly.,Machine-readable result + logs/fixtures/output hashes + owner/reviewer signature,NOT_RUN
PF13,Inherited 224 falsification registry,Performance & backpressure,P1,G4/G6,Restart recovery time,"Run the named adversarial/golden/property scenario against the pinned input, build, manifest and state.",Service reaches fully warm eligible state within registered SLO without premature trading.,Machine-readable result + logs/fixtures/output hashes + owner/reviewer signature,NOT_RUN
PF14,Inherited 224 falsification registry,Performance & backpressure,P1,G4/G6,Long soak/chaos,"Run the named adversarial/golden/property scenario against the pinned input, build, manifest and state.","Multi-day process survives reconnects, partial outages and restarts with zero unknown positions.",Machine-readable result + logs/fixtures/output hashes + owner/reviewer signature,NOT_RUN
GV01,Inherited 224 falsification registry,Governance & configuration,P0,G0/G9,Single runtime manifest,"Run the named adversarial/golden/property scenario against the pinned input, build, manifest and state.","Money capsules, sides, regimes, symbols and flags come from one attested source.",Machine-readable result + logs/fixtures/output hashes + owner/reviewer signature,NOT_RUN
GV02,Inherited 224 falsification registry,Governance & configuration,P0,G0/G9,Docs generated from manifest,"Run the named adversarial/golden/property scenario against the pinned input, build, manifest and state.",README/topology/status cannot claim a lane live when runtime says shadow/dark.,Machine-readable result + logs/fixtures/output hashes + owner/reviewer signature,NOT_RUN
GV03,Inherited 224 falsification registry,Governance & configuration,P0,G0/G9,Default-off canary,"Run the named adversarial/golden/property scenario against the pinned input, build, manifest and state.","New money cohort ships off, narrowing-only and cannot self-arm.",Machine-readable result + logs/fixtures/output hashes + owner/reviewer signature,NOT_RUN
GV04,Inherited 224 falsification registry,Governance & configuration,P0,G0/G9,Cross-key validation,"Run the named adversarial/golden/property scenario against the pinned input, build, manifest and state.",Stop/target/TTL/regime/size combinations satisfy all economic and risk invariants at load.,Machine-readable result + logs/fixtures/output hashes + owner/reviewer signature,NOT_RUN
GV05,Inherited 224 falsification registry,Governance & configuration,P0,G0/G9,Missing config fail-close,"Run the named adversarial/golden/property scenario against the pinned input, build, manifest and state.",Redis/file/env outage cannot silently load an economically different default policy.,Machine-readable result + logs/fixtures/output hashes + owner/reviewer signature,NOT_RUN
GV06,Inherited 224 falsification registry,Governance & configuration,P0,G0/G9,No hardcoded live knob,"Run the named adversarial/golden/property scenario against the pinned input, build, manifest and state.","Every behavior-changing value is versioned, typed and fingerprinted.",Machine-readable result + logs/fixtures/output hashes + owner/reviewer signature,NOT_RUN
GV07,Inherited 224 falsification registry,Governance & configuration,P0,G0/G9,Change diff and approval,"Run the named adversarial/golden/property scenario against the pinned input, build, manifest and state.",Promotion shows exact semantic config diff and human approval record.,Machine-readable result + logs/fixtures/output hashes + owner/reviewer signature,NOT_RUN
GV08,Inherited 224 falsification registry,Governance & configuration,P0,G0/G9,Rollback identity,"Run the named adversarial/golden/property scenario against the pinned input, build, manifest and state.",Rollback restores code/config/model-free calibration as one atomic version.,Machine-readable result + logs/fixtures/output hashes + owner/reviewer signature,NOT_RUN
GV09,Inherited 224 falsification registry,Governance & configuration,P0,G0/G9,Trial expiry,"Run the named adversarial/golden/property scenario against the pinned input, build, manifest and state.",A stale research approval cannot remain money-active after its evidence window.,Machine-readable result + logs/fixtures/output hashes + owner/reviewer signature,NOT_RUN
GV10,Inherited 224 falsification registry,Governance & configuration,P0,G0/G9,Kill-switch semantics,"Run the named adversarial/golden/property scenario against the pinned input, build, manifest and state.","Armed state, sign, scope and recovery are property-tested and fail-safe.",Machine-readable result + logs/fixtures/output hashes + owner/reviewer signature,NOT_RUN
GV11,Inherited 224 falsification registry,Governance & configuration,P0,G0/G9,Shadow/money labels,"Run the named adversarial/golden/property scenario against the pinned input, build, manifest and state.",Every dashboard/API response names the plane; no LIVE title on shadow data.,Machine-readable result + logs/fixtures/output hashes + owner/reviewer signature,NOT_RUN
GV12,Inherited 224 falsification registry,Governance & configuration,P0,G0/G9,Source-claim labeling,"Run the named adversarial/golden/property scenario against the pinned input, build, manifest and state.",Commit test counts and performance remain CLAIMED until independently reproduced.,Machine-readable result + logs/fixtures/output hashes + owner/reviewer signature,NOT_RUN
GV13,Inherited 224 falsification registry,Governance & configuration,P0,G0/G9,Secrets and account separation,"Run the named adversarial/golden/property scenario against the pinned input, build, manifest and state.",Research/replay cannot access live write credentials; venue/account IDs stay explicit.,Machine-readable result + logs/fixtures/output hashes + owner/reviewer signature,NOT_RUN
GV14,Inherited 224 falsification registry,Governance & configuration,P0,G0/G9,No intelligence dependency,"Run the named adversarial/golden/property scenario against the pinned input, build, manifest and state.",Deterministic baseline route and scorecard run with all LLM/intelligence services absent.,Machine-readable result + logs/fixtures/output hashes + owner/reviewer signature,NOT_RUN
VRT-01,RC1 critical additions,Binance route and stream certification,P0,G1,Depth through /public,Execute the controlled depth through /public scenario with exact inputs and fault timing recorded.,"Depth events received, raw-persisted, parsed and sequenced; coverage READY.","Input/fault manifest, raw and normalized journals, state/output hashes, metrics, test runner result and reviewer",NOT_RUN
VRT-02,RC1 critical additions,Binance route and stream certification,P0,G1,"aggTrade, mark price and kline through /market","Execute the controlled aggtrade, mark price and kline through /market scenario with exact inputs and fault timing recorded.",Every required regular stream arrives with correct parser and independent health.,"Input/fault manifest, raw and normalized journals, state/output hashes, metrics, test runner result and reviewer",NOT_RUN
VRT-03,RC1 critical additions,Binance route and stream certification,P0,G1,User events through /private,Execute the controlled user events through /private scenario with exact inputs and fault timing recorded.,"Order, fill, account, position and algo events arrive under the expected account/session.","Input/fault manifest, raw and normalized journals, state/output hashes, metrics, test runner result and reviewer",NOT_RUN
VRT-04,RC1 critical additions,Binance route and stream certification,P0,G1,Mark price requested through unrouted legacy connection,Execute the controlled mark price requested through unrouted legacy connection scenario with exact inputs and fault timing recorded.,Certification detects missing stream and refuses route; socket-open cannot pass.,"Input/fault manifest, raw and normalized journals, state/output hashes, metrics, test runner result and reviewer",NOT_RUN
VRT-05,RC1 critical additions,Binance route and stream certification,P0,G1,Manifest route mismatch,Execute the controlled manifest route mismatch scenario with exact inputs and fault timing recorded.,Startup fails before READY and names stream/expected/actual route.,"Input/fault manifest, raw and normalized journals, state/output hashes, metrics, test runner result and reviewer",NOT_RUN
VRT-06,RC1 critical additions,Binance route and stream certification,P0,G1,Public socket lives while required market stream is silent,Execute the controlled public socket lives while required market stream is silent scenario with exact inputs and fault timing recorded.,Feed becomes PARTIAL/DEGRADED and affected entries stop.,"Input/fault manifest, raw and normalized journals, state/output hashes, metrics, test runner result and reviewer",NOT_RUN
VRT-07,RC1 critical additions,Binance route and stream certification,P0,G1,Private listen-key renewal failure,Execute the controlled private listen-key renewal failure scenario with exact inputs and fault timing recorded.,"Private state invalidates, key recreates and full account reconciliation completes before entry.","Input/fault manifest, raw and normalized journals, state/output hashes, metrics, test runner result and reviewer",NOT_RUN
VRT-08,RC1 critical additions,Binance route and stream certification,P0,G1,listenKeyExpired event,Execute the controlled listenkeyexpired event scenario with exact inputs and fault timing recorded.,"Immediate private-feed invalidity, entry stop and reconciliation.","Input/fault manifest, raw and normalized journals, state/output hashes, metrics, test runner result and reviewer",NOT_RUN
VRT-09,RC1 critical additions,Binance route and stream certification,P0,G1,Planned pre-24-hour handover,Execute the controlled planned pre-24-hour handover scenario with exact inputs and fault timing recorded.,Overlapping sessions deduplicate with zero required-stream gap.,"Input/fault manifest, raw and normalized journals, state/output hashes, metrics, test runner result and reviewer",NOT_RUN
VRT-10,RC1 critical additions,Binance route and stream certification,P0,G1,Forced connection close at 24 hours,Execute the controlled forced connection close at 24 hours scenario with exact inputs and fault timing recorded.,Recovery produces no false READY interval or duplicate canonical fact.,"Input/fault manifest, raw and normalized journals, state/output hashes, metrics, test runner result and reviewer",NOT_RUN
VRT-11,RC1 critical additions,Binance route and stream certification,P0,G1,Ping without correct pong behavior,Execute the controlled ping without correct pong behavior scenario with exact inputs and fault timing recorded.,Expected disconnect is detected; recovery and coverage evidence are correct.,"Input/fault manifest, raw and normalized journals, state/output hashes, metrics, test runner result and reviewer",NOT_RUN
VRT-12,RC1 critical additions,Binance route and stream certification,P0,G1,Client control-message burst,Execute the controlled client control-message burst scenario with exact inputs and fault timing recorded.,Limiter prevents exceeding current 10 messages/s rule and exposes backpressure.,"Input/fault manifest, raw and normalized journals, state/output hashes, metrics, test runner result and reviewer",NOT_RUN
VRT-13,RC1 critical additions,Binance route and stream certification,P0,G1,"1,024-stream boundary","Execute the controlled 1,024-stream boundary scenario with exact inputs and fault timing recorded.","Sharding honors capacity; 1,025th assignment is rejected/rebalanced before subscribe.","Input/fault manifest, raw and normalized journals, state/output hashes, metrics, test runner result and reviewer",NOT_RUN
VRT-14,RC1 critical additions,Binance route and stream certification,P0,G1,LIST_SUBSCRIPTIONS differs from manifest,Execute the controlled list_subscriptions differs from manifest scenario with exact inputs and fault timing recorded.,Connection health fails and exact missing/extra subscriptions are reported.,"Input/fault manifest, raw and normalized journals, state/output hashes, metrics, test runner result and reviewer",NOT_RUN
VRT-15,RC1 critical additions,Binance route and stream certification,P0,G1,Required but event-driven illiquid stream has no events,Execute the controlled required but event-driven illiquid stream has no events scenario with exact inputs and fault timing recorded.,Transport/manifest health remains separate from market inactivity; no false stale rule.,"Input/fault manifest, raw and normalized journals, state/output hashes, metrics, test runner result and reviewer",NOT_RUN
VRT-16,RC1 critical additions,Binance route and stream certification,P0,G1,Raw payload altered after persistence,Execute the controlled raw payload altered after persistence scenario with exact inputs and fault timing recorded.,Segment/hash verification fails and evidence is quarantined.,"Input/fault manifest, raw and normalized journals, state/output hashes, metrics, test runner result and reviewer",NOT_RUN
BOK-01,RC1 critical additions,Local order-book sequence,P0,G1,Normal snapshot and buffered overlap,Execute the controlled normal snapshot and buffered overlap scenario with exact inputs and fault timing recorded.,First retained event satisfies U≤lastUpdateId≤u; exact book matches oracle.,"Input/fault manifest, raw and normalized journals, state/output hashes, metrics, test runner result and reviewer",NOT_RUN
BOK-02,RC1 critical additions,Local order-book sequence,P0,G1,Buffered updates all precede snapshot,Execute the controlled buffered updates all precede snapshot scenario with exact inputs and fault timing recorded.,Old events discard; alignment waits for qualifying overlap.,"Input/fault manifest, raw and normalized journals, state/output hashes, metrics, test runner result and reviewer",NOT_RUN
BOK-03,RC1 critical additions,Local order-book sequence,P0,G1,First retained event misses snapshot ID,Execute the controlled first retained event misses snapshot id scenario with exact inputs and fault timing recorded.,Book remains invalid and resnapshot occurs.,"Input/fault manifest, raw and normalized journals, state/output hashes, metrics, test runner result and reviewer",NOT_RUN
BOK-04,RC1 critical additions,Local order-book sequence,P0,G1,Subsequent pu differs from previous u,Execute the controlled subsequent pu differs from previous u scenario with exact inputs and fault timing recorded.,"Immediate invalidation, no entry and controlled resnapshot.","Input/fault manifest, raw and normalized journals, state/output hashes, metrics, test runner result and reviewer",NOT_RUN
BOK-05,RC1 critical additions,Local order-book sequence,P0,G1,Duplicate depth update,Execute the controlled duplicate depth update scenario with exact inputs and fault timing recorded.,Final state and downstream output remain unchanged.,"Input/fault manifest, raw and normalized journals, state/output hashes, metrics, test runner result and reviewer",NOT_RUN
BOK-06,RC1 critical additions,Local order-book sequence,P0,G1,Absolute quantity replacement,Execute the controlled absolute quantity replacement scenario with exact inputs and fault timing recorded.,"Level quantity is replaced, never incremented.","Input/fault manifest, raw and normalized journals, state/output hashes, metrics, test runner result and reviewer",NOT_RUN
BOK-07,RC1 critical additions,Local order-book sequence,P0,G1,Zero quantity deletion,Execute the controlled zero quantity deletion scenario with exact inputs and fault timing recorded.,Level is removed exactly.,"Input/fault manifest, raw and normalized journals, state/output hashes, metrics, test runner result and reviewer",NOT_RUN
BOK-08,RC1 critical additions,Local order-book sequence,P0,G1,Delete absent level,Execute the controlled delete absent level scenario with exact inputs and fault timing recorded.,Accepted without corruption or fabricated negative quantity.,"Input/fault manifest, raw and normalized journals, state/output hashes, metrics, test runner result and reviewer",NOT_RUN
BOK-09,RC1 critical additions,Local order-book sequence,P0,G1,Disconnect during snapshot bootstrap,Execute the controlled disconnect during snapshot bootstrap scenario with exact inputs and fault timing recorded.,No valid book revision publishes.,"Input/fault manifest, raw and normalized journals, state/output hashes, metrics, test runner result and reviewer",NOT_RUN
BOK-10,RC1 critical additions,Local order-book sequence,P0,G1,Gap storm,Execute the controlled gap storm scenario with exact inputs and fault timing recorded.,Resnapshot/backoff remains bounded and no false-valid interval appears.,"Input/fault manifest, raw and normalized journals, state/output hashes, metrics, test runner result and reviewer",NOT_RUN
BOK-11,RC1 critical additions,Local order-book sequence,P0,G1,RPI-incomplete public depth simulation,Execute the controlled rpi-incomplete public depth simulation scenario with exact inputs and fault timing recorded.,Evidence plane is labeled incomplete/approximate; no exact maker-fill claim.,"Input/fault manifest, raw and normalized journals, state/output hashes, metrics, test runner result and reviewer",NOT_RUN
BOK-12,RC1 critical additions,Local order-book sequence,P0,G1,Tick/step metadata changes during book life,Execute the controlled tick/step metadata changes during book life scenario with exact inputs and fault timing recorded.,New revision gates semantic geometry before use; old/new ticks never mix.,"Input/fault manifest, raw and normalized journals, state/output hashes, metrics, test runner result and reviewer",NOT_RUN
NCT-01,RC1 critical additions,"Contract, identity and authority",P0,G0,Validate every producer sample against declared schema,Execute the controlled validate every producer sample against declared schema scenario with exact inputs and fault timing recorded.,100% valid authoritative samples; invalids quarantine before topic append.,"Input/fault manifest, raw and normalized journals, state/output hashes, metrics, test runner result and reviewer",NOT_RUN
NCT-02,RC1 critical additions,"Contract, identity and authority",P0,G0,Relay additive unknown fields,Execute the controlled relay additive unknown fields scenario with exact inputs and fault timing recorded.,Compatible fields preserve byte-semantic content end to end.,"Input/fault manifest, raw and normalized journals, state/output hashes, metrics, test runner result and reviewer",NOT_RUN
NCT-03,RC1 critical additions,"Contract, identity and authority",P0,G0,Unsupported safety enum,Execute the controlled unsupported safety enum scenario with exact inputs and fault timing recorded.,Named rejection; no default/fallback.,"Input/fault manifest, raw and normalized journals, state/output hashes, metrics, test runner result and reviewer",NOT_RUN
NCT-04,RC1 critical additions,"Contract, identity and authority",P0,G0,Same structure twice from identical input/config,Execute the controlled same structure twice from identical input/config scenario with exact inputs and fault timing recorded.,Identical structure ID and canonical bytes.,"Input/fault manifest, raw and normalized journals, state/output hashes, metrics, test runner result and reviewer",NOT_RUN
NCT-05,RC1 critical additions,"Contract, identity and authority",P0,G0,Restart then regenerate occurrence,Execute the controlled restart then regenerate occurrence scenario with exact inputs and fault timing recorded.,Same identity and state sequence; no rearm.,"Input/fault manifest, raw and normalized journals, state/output hashes, metrics, test runner result and reviewer",NOT_RUN
NCT-06,RC1 critical additions,"Contract, identity and authority",P0,G0,Geometry revision after confirmation,Execute the controlled geometry revision after confirmation scenario with exact inputs and fault timing recorded.,"Same structure ID, incremented state sequence and new transition ID.","Input/fault manifest, raw and normalized journals, state/output hashes, metrics, test runner result and reviewer",NOT_RUN
NCT-07,RC1 critical additions,"Contract, identity and authority",P0,G0,Trace atom through outcome,Execute the controlled trace atom through outcome scenario with exact inputs and fault timing recorded.,No missing parent; every authority boundary and cost source joins.,"Input/fault manifest, raw and normalized journals, state/output hashes, metrics, test runner result and reviewer",NOT_RUN
NCT-08,RC1 critical additions,"Contract, identity and authority",P0,G0,Duplicate terminal events,Execute the controlled duplicate terminal events scenario with exact inputs and fault timing recorded.,Exactly one authoritative terminal projection; duplicate idempotent.,"Input/fault manifest, raw and normalized journals, state/output hashes, metrics, test runner result and reviewer",NOT_RUN
NCT-09,RC1 critical additions,"Contract, identity and authority",P0,G0,Conflicting lane/arm IDs,Execute the controlled conflicting lane/arm ids scenario with exact inputs and fault timing recorded.,Fail closed and quarantine.,"Input/fault manifest, raw and normalized journals, state/output hashes, metrics, test runner result and reviewer",NOT_RUN
NCT-10,RC1 critical additions,"Contract, identity and authority",P0,G0,Expired producer fencing token,Execute the controlled expired producer fencing token scenario with exact inputs and fault timing recorded.,Every authoritative consumer rejects.,"Input/fault manifest, raw and normalized journals, state/output hashes, metrics, test runner result and reviewer",NOT_RUN
NCT-11,RC1 critical additions,"Contract, identity and authority",P0,G0,Two producers race for one scope,Execute the controlled two producers race for one scope scenario with exact inputs and fault timing recorded.,At most one active token/output accepted.,"Input/fault manifest, raw and normalized journals, state/output hashes, metrics, test runner result and reviewer",NOT_RUN
NCT-12,RC1 critical additions,"Contract, identity and authority",P0,G0,Config bytes change without digest/version change,Execute the controlled config bytes change without digest/version change scenario with exact inputs and fault timing recorded.,Build/startup/test failure.,"Input/fault manifest, raw and normalized journals, state/output hashes, metrics, test runner result and reviewer",NOT_RUN
NCT-13,RC1 critical additions,"Contract, identity and authority",P0,G0,fill.v3 omits account/instrument/side/effect/role/lineage,Execute the controlled fill.v3 omits account/instrument/side/effect/role/lineage scenario with exact inputs and fault timing recorded.,Schema rejection and raw quarantine; no money projection.,"Input/fault manifest, raw and normalized journals, state/output hashes, metrics, test runner result and reviewer",NOT_RUN
NCT-14,RC1 critical additions,"Contract, identity and authority",P0,G0,fill.v2 record lacks strict fields,Execute the controlled fill.v2 record lacks strict fields scenario with exact inputs and fault timing recorded.,Preserved as v2 only; no fabricated v3 upgrade.,"Input/fault manifest, raw and normalized journals, state/output hashes, metrics, test runner result and reviewer",NOT_RUN
NCT-15,RC1 critical additions,"Contract, identity and authority",P0,G0,Same 1.37.0 label with different manifest bytes,Execute the controlled same 1.37.0 label with different manifest bytes scenario with exact inputs and fault timing recorded.,Attestation distinguishes tuple and refuses false equality.,"Input/fault manifest, raw and normalized journals, state/output hashes, metrics, test runner result and reviewer",NOT_RUN
NCT-16,RC1 critical additions,"Contract, identity and authority",P0,G0,Trace ID changes,Execute the controlled trace id changes scenario with exact inputs and fault timing recorded.,Domain identities and canonical economic bytes remain unchanged.,"Input/fault manifest, raw and normalized journals, state/output hashes, metrics, test runner result and reviewer",NOT_RUN
NRP-01,RC1 critical additions,Causal replay and determinism,P0,G1/G4,Replay same raw log twice,Execute the controlled replay same raw log twice scenario with exact inputs and fault timing recorded.,"Byte-identical events, state and output hashes.","Input/fault manifest, raw and normalized journals, state/output hashes, metrics, test runner result and reviewer",NOT_RUN
NRP-02,RC1 critical additions,Causal replay and determinism,P0,G1/G4,Cold versus warm replay,Execute the controlled cold versus warm replay scenario with exact inputs and fault timing recorded.,Identical outputs and final state.,"Input/fault manifest, raw and normalized journals, state/output hashes, metrics, test runner result and reviewer",NOT_RUN
NRP-03,RC1 critical additions,Causal replay and determinism,P0,G1/G4,Restart from every checkpoint class,Execute the controlled restart from every checkpoint class scenario with exact inputs and fault timing recorded.,Identical suffix output and no duplicate occurrence.,"Input/fault manifest, raw and normalized journals, state/output hashes, metrics, test runner result and reviewer",NOT_RUN
NRP-04,RC1 critical additions,Causal replay and determinism,P0,G1/G4,Prefix replay at many cut points,Execute the controlled prefix replay at many cut points scenario with exact inputs and fault timing recorded.,Full-run output prefix is identical through each watermark.,"Input/fault manifest, raw and normalized journals, state/output hashes, metrics, test runner result and reviewer",NOT_RUN
NRP-05,RC1 critical additions,Causal replay and determinism,P0,G1/G4,Append arbitrary future event,Execute the controlled append arbitrary future event scenario with exact inputs and fault timing recorded.,No prior confirmed event/ID/clock changes.,"Input/fault manifest, raw and normalized journals, state/output hashes, metrics, test runner result and reviewer",NOT_RUN
NRP-06,RC1 critical additions,Causal replay and determinism,P0,G1/G4,Mutate future candle high/low,Execute the controlled mutate future candle high/low scenario with exact inputs and fault timing recorded.,No earlier structure/candidate changes.,"Input/fault manifest, raw and normalized journals, state/output hashes, metrics, test runner result and reviewer",NOT_RUN
NRP-07,RC1 critical additions,Causal replay and determinism,P0,G1/G4,Centered fractal fixture,Execute the controlled centered fractal fixture scenario with exact inputs and fault timing recorded.,Available only after right radius closes; origin never becomes knowledge time.,"Input/fault manifest, raw and normalized journals, state/output hashes, metrics, test runner result and reviewer",NOT_RUN
NRP-08,RC1 critical additions,Causal replay and determinism,P0,G1/G4,Forming versus finalized candle,Execute the controlled forming versus finalized candle scenario with exact inputs and fault timing recorded.,Confirmed route never consumes forming state.,"Input/fault manifest, raw and normalized journals, state/output hashes, metrics, test runner result and reviewer",NOT_RUN
NRP-09,RC1 critical additions,Causal replay and determinism,P0,G1/G4,Same venue timestamp with different receipt order,Execute the controlled same venue timestamp with different receipt order scenario with exact inputs and fault timing recorded.,Recorded per-connection receipt/sequence law is preserved.,"Input/fault manifest, raw and normalized journals, state/output hashes, metrics, test runner result and reviewer",NOT_RUN
NRP-10,RC1 critical additions,Causal replay and determinism,P0,G1/G4,Late event,Execute the controlled late event scenario with exact inputs and fault timing recorded.,Same accept/quarantine/restate policy in live and replay; no backdated availability.,"Input/fault manifest, raw and normalized journals, state/output hashes, metrics, test runner result and reviewer",NOT_RUN
NRP-11,RC1 critical additions,Causal replay and determinism,P0,G1/G4,Duplicate event after reconnect,Execute the controlled duplicate event after reconnect scenario with exact inputs and fault timing recorded.,No duplicate state/atom/candidate.,"Input/fault manifest, raw and normalized journals, state/output hashes, metrics, test runner result and reviewer",NOT_RUN
NRP-12,RC1 critical additions,Causal replay and determinism,P0,G1/G4,Thread count changes,Execute the controlled thread count changes scenario with exact inputs and fault timing recorded.,Canonical output remains identical.,"Input/fault manifest, raw and normalized journals, state/output hashes, metrics, test runner result and reviewer",NOT_RUN
NRP-13,RC1 critical additions,Causal replay and determinism,P0,G1/G4,Map iteration randomized,Execute the controlled map iteration randomized scenario with exact inputs and fault timing recorded.,Output ordering and IDs remain identical.,"Input/fault manifest, raw and normalized journals, state/output hashes, metrics, test runner result and reviewer",NOT_RUN
NRP-14,RC1 critical additions,Causal replay and determinism,P0,G1/G4,Decimal boundary near tick,Execute the controlled decimal boundary near tick scenario with exact inputs and fault timing recorded.,Integer-tick result exact; float perturbation irrelevant.,"Input/fault manifest, raw and normalized journals, state/output hashes, metrics, test runner result and reviewer",NOT_RUN
NRP-15,RC1 critical additions,Causal replay and determinism,P0,G1/G4,Source lacks receive timestamp,Execute the controlled source lacks receive timestamp scenario with exact inputs and fault timing recorded.,Run is labeled approximate and cannot emit exact replay receipt.,"Input/fault manifest, raw and normalized journals, state/output hashes, metrics, test runner result and reviewer",NOT_RUN
NRP-16,RC1 critical additions,Causal replay and determinism,P0,G1/G4,Simulator assumptions change,Execute the controlled simulator assumptions change scenario with exact inputs and fault timing recorded.,Signal outputs unchanged; simulator identity/results change.,"Input/fault manifest, raw and normalized journals, state/output hashes, metrics, test runner result and reviewer",NOT_RUN
NRP-17,RC1 critical additions,Causal replay and determinism,P0,G1/G4,Host timezone and clock rollback,Execute the controlled host timezone and clock rollback scenario with exact inputs and fault timing recorded.,UTC semantics/TTL/IDs unchanged; monotonic latency remains valid.,"Input/fault manifest, raw and normalized journals, state/output hashes, metrics, test runner result and reviewer",NOT_RUN
NRP-18,RC1 critical additions,Causal replay and determinism,P0,G1/G4,Checkpoint corruption,Execute the controlled checkpoint corruption scenario with exact inputs and fault timing recorded.,Detected before readiness; no partial state use.,"Input/fault manifest, raw and normalized journals, state/output hashes, metrics, test runner result and reviewer",NOT_RUN
SEM-01,RC1 critical additions,Structure and candidate semantics,P0,G2/G3,DC swing LONG golden vector,Execute the controlled dc swing long golden vector scenario with exact inputs and fault timing recorded.,"Exact extreme, frozen δ, confirmation and availability.","Input/fault manifest, raw and normalized journals, state/output hashes, metrics, test runner result and reviewer",NOT_RUN
SEM-02,RC1 critical additions,Structure and candidate semantics,P0,G2/G3,DC swing SHORT mirror,Execute the controlled dc swing short mirror scenario with exact inputs and fault timing recorded.,Exact algebraic mirror and timing.,"Input/fault manifest, raw and normalized journals, state/output hashes, metrics, test runner result and reviewer",NOT_RUN
SEM-03,RC1 critical additions,Structure and candidate semantics,P0,G2/G3,Bullish BOS continuation,Execute the controlled bullish bos continuation scenario with exact inputs and fault timing recorded.,Correct frozen continuation level and one occurrence.,"Input/fault manifest, raw and normalized journals, state/output hashes, metrics, test runner result and reviewer",NOT_RUN
SEM-04,RC1 critical additions,Structure and candidate semantics,P0,G2/G3,Bearish BOS mirror,Execute the controlled bearish bos mirror scenario with exact inputs and fault timing recorded.,Correct mirrored occurrence.,"Input/fault manifest, raw and normalized journals, state/output hashes, metrics, test runner result and reviewer",NOT_RUN
SEM-05,RC1 critical additions,Structure and candidate semantics,P0,G2/G3,Protected-low CHOCH,Execute the controlled protected-low choch scenario with exact inputs and fault timing recorded.,Transition only on active protected level; no opposite-BOS alias.,"Input/fault manifest, raw and normalized journals, state/output hashes, metrics, test runner result and reviewer",NOT_RUN
SEM-06,RC1 critical additions,Structure and candidate semantics,P0,G2/G3,Pending protected swing promotion,Execute the controlled pending protected swing promotion scenario with exact inputs and fault timing recorded.,Promotes only at later continuation break under normative rule.,"Input/fault manifest, raw and normalized journals, state/output hashes, metrics, test runner result and reviewer",NOT_RUN
SEM-07,RC1 critical additions,Structure and candidate semantics,P0,G2/G3,FVG bullish/bearish formation,Execute the controlled fvg bullish/bearish formation scenario with exact inputs and fault timing recorded.,Exact tick zone and third-bar availability.,"Input/fault manifest, raw and normalized journals, state/output hashes, metrics, test runner result and reviewer",NOT_RUN
SEM-08,RC1 critical additions,Structure and candidate semantics,P0,G2/G3,FVG same-bar touch attempt,Execute the controlled fvg same-bar touch attempt scenario with exact inputs and fault timing recorded.,No touch/reaction.,"Input/fault manifest, raw and normalized journals, state/output hashes, metrics, test runner result and reviewer",NOT_RUN
SEM-09,RC1 critical additions,Structure and candidate semantics,P0,G2/G3,FVG penetration boundaries,Execute the controlled fvg penetration boundaries scenario with exact inputs and fault timing recorded.,Touch/partial/mid/filled transitions exact and monotonic.,"Input/fault manifest, raw and normalized journals, state/output hashes, metrics, test runner result and reviewer",NOT_RUN
SEM-10,RC1 critical additions,Structure and candidate semantics,P0,G2/G3,Order block without linked BOS,Execute the controlled order block without linked bos scenario with exact inputs and fault timing recorded.,Never confirms.,"Input/fault manifest, raw and normalized journals, state/output hashes, metrics, test runner result and reviewer",NOT_RUN
SEM-11,RC1 critical additions,Structure and candidate semantics,P0,G2/G3,Order-block tie candidates,Execute the controlled order-block tie candidates scenario with exact inputs and fault timing recorded.,Latest/quality/source-ID total tie-break yields one origin.,"Input/fault manifest, raw and normalized journals, state/output hashes, metrics, test runner result and reviewer",NOT_RUN
SEM-12,RC1 critical additions,Structure and candidate semantics,P0,G2/G3,Excursion without reclaim,Execute the controlled excursion without reclaim scenario with exact inputs and fault timing recorded.,No reclaim candidate.,"Input/fault manifest, raw and normalized journals, state/output hashes, metrics, test runner result and reviewer",NOT_RUN
SEM-13,RC1 critical additions,Structure and candidate semantics,P0,G2/G3,Reclaim after τ,Execute the controlled reclaim after τ scenario with exact inputs and fault timing recorded.,Expired; no candidate.,"Input/fault manifest, raw and normalized journals, state/output hashes, metrics, test runner result and reviewer",NOT_RUN
SEM-14,RC1 critical additions,Structure and candidate semantics,P0,G2/G3,Reference level moves after excursion,Execute the controlled reference level moves after excursion scenario with exact inputs and fault timing recorded.,Occurrence retains frozen original level.,"Input/fault manifest, raw and normalized journals, state/output hashes, metrics, test runner result and reviewer",NOT_RUN
SEM-15,RC1 critical additions,Structure and candidate semantics,P0,G2/G3,Retest before confirmation,Execute the controlled retest before confirmation scenario with exact inputs and fault timing recorded.,No reaction/candidate.,"Input/fault manifest, raw and normalized journals, state/output hashes, metrics, test runner result and reviewer",NOT_RUN
SEM-16,RC1 critical additions,Structure and candidate semantics,P0,G2/G3,Second retest in first-retest capsule,Execute the controlled second retest in first-retest capsule scenario with exact inputs and fault timing recorded.,"Rejected/segmented as touch2+, never first cohort.","Input/fault manifest, raw and normalized journals, state/output hashes, metrics, test runner result and reviewer",NOT_RUN
SEM-17,RC1 critical additions,Structure and candidate semantics,P0,G2/G3,Invalidation and touch same event,Execute the controlled invalidation and touch same event scenario with exact inputs and fault timing recorded.,Higher-precedence invalidation wins deterministically.,"Input/fault manifest, raw and normalized journals, state/output hashes, metrics, test runner result and reviewer",NOT_RUN
SEM-18,RC1 critical additions,Structure and candidate semantics,P0,G2/G3,Missing timeframe dependency,Execute the controlled missing timeframe dependency scenario with exact inputs and fault timing recorded.,Named abstention.,"Input/fault manifest, raw and normalized journals, state/output hashes, metrics, test runner result and reviewer",NOT_RUN
SEM-19,RC1 critical additions,Structure and candidate semantics,P0,G2/G3,E08 risk floor changes,Execute the controlled e08 risk floor changes scenario with exact inputs and fault timing recorded.,ORIGIN structure geometry unchanged.,"Input/fault manifest, raw and normalized journals, state/output hashes, metrics, test runner result and reviewer",NOT_RUN
SEM-20,RC1 critical additions,Structure and candidate semantics,P0,G2/G3,Same origin produces aliases,Execute the controlled same origin produces aliases scenario with exact inputs and fault timing recorded.,One opportunity cluster; no independent confluence count.,"Input/fault manifest, raw and normalized journals, state/output hashes, metrics, test runner result and reviewer",NOT_RUN
SEM-21,RC1 critical additions,Structure and candidate semantics,P0,G2/G3,Hard-coded parameter differs from registry,Execute the controlled hard-coded parameter differs from registry scenario with exact inputs and fault timing recorded.,Build/test/startup failure.,"Input/fault manifest, raw and normalized journals, state/output hashes, metrics, test runner result and reviewer",NOT_RUN
SEM-22,RC1 critical additions,Structure and candidate semantics,P0,G2/G3,Candidate lacks TTL/cancellation/natural invalidation,Execute the controlled candidate lacks ttl/cancellation/natural invalidation scenario with exact inputs and fault timing recorded.,Schema rejection.,"Input/fault manifest, raw and normalized journals, state/output hashes, metrics, test runner result and reviewer",NOT_RUN
SEM-23,RC1 critical additions,Structure and candidate semantics,P0,G2/G3,Candidate attempts quantity/leverage/account,Execute the controlled candidate attempts quantity/leverage/account scenario with exact inputs and fault timing recorded.,Boundary/schema rejection.,"Input/fault manifest, raw and normalized journals, state/output hashes, metrics, test runner result and reviewer",NOT_RUN
SEM-24,RC1 critical additions,Structure and candidate semantics,P0,G2/G3,Long/short generated property corpus,Execute the controlled long/short generated property corpus scenario with exact inputs and fault timing recorded.,"Counts, timing and normalized results mirror exactly.","Input/fault manifest, raw and normalized journals, state/output hashes, metrics, test runner result and reviewer",NOT_RUN
EXE-01,RC1 critical additions,"Execution, protection and reconciliation",P0,G6,Invalid tick price,Execute the controlled invalid tick price scenario with exact inputs and fault timing recorded.,Rejected before venue; authorization remains explicit.,"Input/fault manifest, raw and normalized journals, state/output hashes, metrics, test runner result and reviewer",NOT_RUN
EXE-02,RC1 critical additions,"Execution, protection and reconciliation",P0,G6,Invalid quantity step,Execute the controlled invalid quantity step scenario with exact inputs and fault timing recorded.,Rejected before venue.,"Input/fault manifest, raw and normalized journals, state/output hashes, metrics, test runner result and reviewer",NOT_RUN
EXE-03,RC1 critical additions,"Execution, protection and reconciliation",P0,G6,Below minimum notional,Execute the controlled below minimum notional scenario with exact inputs and fault timing recorded.,Rejected before venue with metadata revision.,"Input/fault manifest, raw and normalized journals, state/output hashes, metrics, test runner result and reviewer",NOT_RUN
EXE-04,RC1 critical additions,"Execution, protection and reconciliation",P0,G6,Normal GTX would cross,Execute the controlled normal gtx would cross scenario with exact inputs and fault timing recorded.,No taker fallback; policy reevaluation.,"Input/fault manifest, raw and normalized journals, state/output hashes, metrics, test runner result and reviewer",NOT_RUN
EXE-05,RC1 critical additions,"Execution, protection and reconciliation",P0,G6,GTX modification would cross,Execute the controlled gtx modification would cross scenario with exact inputs and fault timing recorded.,Cancel/reject handled; no false fill or liquidity mutation.,"Input/fault manifest, raw and normalized journals, state/output hashes, metrics, test runner result and reviewer",NOT_RUN
EXE-06,RC1 critical additions,"Execution, protection and reconciliation",P0,G6,Modify resting limit,Execute the controlled modify resting limit scenario with exact inputs and fault timing recorded.,Queue-priority loss recorded and attempt identity advances.,"Input/fault manifest, raw and normalized journals, state/output hashes, metrics, test runner result and reviewer",NOT_RUN
EXE-07,RC1 critical additions,"Execution, protection and reconciliation",P0,G6,Partial fill then cancel,Execute the controlled partial fill then cancel scenario with exact inputs and fault timing recorded.,Exact fill/residual/order/position quantities.,"Input/fault manifest, raw and normalized journals, state/output hashes, metrics, test runner result and reviewer",NOT_RUN
EXE-08,RC1 critical additions,"Execution, protection and reconciliation",P0,G6,Fill races cancel ACK,Execute the controlled fill races cancel ack scenario with exact inputs and fault timing recorded.,Venue fill remains authoritative; no reversal.,"Input/fault manifest, raw and normalized journals, state/output hashes, metrics, test runner result and reviewer",NOT_RUN
EXE-09,RC1 critical additions,"Execution, protection and reconciliation",P0,G6,503 execution status unknown,Execute the controlled 503 execution status unknown scenario with exact inputs and fault timing recorded.,Reconcile before retry; at most one order.,"Input/fault manifest, raw and normalized journals, state/output hashes, metrics, test runner result and reviewer",NOT_RUN
EXE-10,RC1 critical additions,"Execution, protection and reconciliation",P0,G6,Duplicate economic command,Execute the controlled duplicate economic command scenario with exact inputs and fault timing recorded.,One venue order under idempotency/fencing.,"Input/fault manifest, raw and normalized journals, state/output hashes, metrics, test runner result and reviewer",NOT_RUN
EXE-11,RC1 critical additions,"Execution, protection and reconciliation",P0,G6,Duplicate client order ID,Execute the controlled duplicate client order id scenario with exact inputs and fault timing recorded.,Named adoption/conflict resolution.,"Input/fault manifest, raw and normalized journals, state/output hashes, metrics, test runner result and reviewer",NOT_RUN
EXE-12,RC1 critical additions,"Execution, protection and reconciliation",P0,G6,One-way close,Execute the controlled one-way close scenario with exact inputs and fault timing recorded.,Opposite side + reduce-only; exposure decreases only.,"Input/fault manifest, raw and normalized journals, state/output hashes, metrics, test runner result and reviewer",NOT_RUN
EXE-13,RC1 critical additions,"Execution, protection and reconciliation",P0,G6,Hedge close carrying forbidden reduceOnly,Execute the controlled hedge close carrying forbidden reduceonly scenario with exact inputs and fault timing recorded.,Validator rejects.,"Input/fault manifest, raw and normalized journals, state/output hashes, metrics, test runner result and reviewer",NOT_RUN
EXE-14,RC1 critical additions,"Execution, protection and reconciliation",P0,G6,Hedge LONG+SELL,Execute the controlled hedge long+sell scenario with exact inputs and fault timing recorded.,Reduces LONG only.,"Input/fault manifest, raw and normalized journals, state/output hashes, metrics, test runner result and reviewer",NOT_RUN
EXE-15,RC1 critical additions,"Execution, protection and reconciliation",P0,G6,Hedge SHORT+BUY,Execute the controlled hedge short+buy scenario with exact inputs and fault timing recorded.,Reduces SHORT only.,"Input/fault manifest, raw and normalized journals, state/output hashes, metrics, test runner result and reviewer",NOT_RUN
EXE-16,RC1 critical additions,"Execution, protection and reconciliation",P0,G6,reduceOnly plus closePosition,Execute the controlled reduceonly plus closeposition scenario with exact inputs and fault timing recorded.,Validator rejects forbidden combination.,"Input/fault manifest, raw and normalized journals, state/output hashes, metrics, test runner result and reviewer",NOT_RUN
EXE-17,RC1 critical additions,"Execution, protection and reconciliation",P0,G6,Conditional order sent to legacy path,Execute the controlled conditional order sent to legacy path scenario with exact inputs and fault timing recorded.,Adapter blocks; -4120 fixture confirms migration behavior.,"Input/fault manifest, raw and normalized journals, state/output hashes, metrics, test runner result and reviewer",NOT_RUN
EXE-18,RC1 critical additions,"Execution, protection and reconciliation",P0,G6,Algo order rejected after trigger,Execute the controlled algo order rejected after trigger scenario with exact inputs and fault timing recorded.,ALGO_UPDATE reconciles and protection failure policy engages.,"Input/fault manifest, raw and normalized journals, state/output hashes, metrics, test runner result and reviewer",NOT_RUN
EXE-19,RC1 critical additions,"Execution, protection and reconciliation",P0,G6,Algo NEW→TRIGGERING→TRIGGERED→FINISHED,Execute the controlled algo new→triggering→triggered→finished scenario with exact inputs and fault timing recorded.,Complete protection lifecycle and position reconciliation.,"Input/fault manifest, raw and normalized journals, state/output hashes, metrics, test runner result and reviewer",NOT_RUN
EXE-20,RC1 critical additions,"Execution, protection and reconciliation",P0,G6,STP same-account collision,Execute the controlled stp same-account collision scenario with exact inputs and fault timing recorded.,Configured outcome and expiry evidence; no default ambiguity.,"Input/fault manifest, raw and normalized journals, state/output hashes, metrics, test runner result and reviewer",NOT_RUN
EXE-21,RC1 critical additions,"Execution, protection and reconciliation",P0,G6,Restart with live open regular order,Execute the controlled restart with live open regular order scenario with exact inputs and fault timing recorded.,Adopt/cancel by explicit policy before entry.,"Input/fault manifest, raw and normalized journals, state/output hashes, metrics, test runner result and reviewer",NOT_RUN
EXE-22,RC1 critical additions,"Execution, protection and reconciliation",P0,G6,Restart with open algo order,Execute the controlled restart with open algo order scenario with exact inputs and fault timing recorded.,Protection reconciles before entry.,"Input/fault manifest, raw and normalized journals, state/output hashes, metrics, test runner result and reviewer",NOT_RUN
EXE-23,RC1 critical additions,"Execution, protection and reconciliation",P0,G6,Restart with open position,Execute the controlled restart with open position scenario with exact inputs and fault timing recorded.,Position/protection/reservation reconcile before new exposure.,"Input/fault manifest, raw and normalized journals, state/output hashes, metrics, test runner result and reviewer",NOT_RUN
EXE-24,RC1 critical additions,"Execution, protection and reconciliation",P0,G6,Rate limit near exhaustion,Execute the controlled rate limit near exhaustion scenario with exact inputs and fault timing recorded.,Entries throttle; cancel/protection/reduction capacity reserved.,"Input/fault manifest, raw and normalized journals, state/output hashes, metrics, test runner result and reviewer",NOT_RUN
EXE-25,RC1 critical additions,"Execution, protection and reconciliation",P0,G6,Dead-man heartbeat stops,Execute the controlled dead-man heartbeat stops scenario with exact inputs and fault timing recorded.,Open-order cancellation behavior matches signed policy.,"Input/fault manifest, raw and normalized journals, state/output hashes, metrics, test runner result and reviewer",NOT_RUN
EXE-26,RC1 critical additions,"Execution, protection and reconciliation",P0,G6,Shadow candidate reaches E09,Execute the controlled shadow candidate reaches e09 scenario with exact inputs and fault timing recorded.,Severity-one rejection; no venue command.,"Input/fault manifest, raw and normalized journals, state/output hashes, metrics, test runner result and reviewer",NOT_RUN
EXE-27,RC1 critical additions,"Execution, protection and reconciliation",P0,G6,Instrument status leaves TRADING,Execute the controlled instrument status leaves trading scenario with exact inputs and fault timing recorded.,New orders block before venue.,"Input/fault manifest, raw and normalized journals, state/output hashes, metrics, test runner result and reviewer",NOT_RUN
EXE-28,RC1 critical additions,"Execution, protection and reconciliation",P0,G6,Actual fee tier differs from static model,Execute the controlled actual fee tier differs from static model scenario with exact inputs and fault timing recorded.,fill/outcome use venue fact; research model revision recorded.,"Input/fault manifest, raw and normalized journals, state/output hashes, metrics, test runner result and reviewer",NOT_RUN
EMG-01,RC1 critical additions,Emergency exit-only taker,P0,G6/G7,Emergency command with no position,Execute the controlled emergency command with no position scenario with exact inputs and fault timing recorded.,Rejected.,"Input/fault manifest, raw and normalized journals, state/output hashes, metrics, test runner result and reviewer",NOT_RUN
EMG-02,RC1 critical additions,Emergency exit-only taker,P0,G6/G7,Emergency command increases exposure,Execute the controlled emergency command increases exposure scenario with exact inputs and fault timing recorded.,Rejected and severity-one alert.,"Input/fault manifest, raw and normalized journals, state/output hashes, metrics, test runner result and reviewer",NOT_RUN
EMG-03,RC1 critical additions,Emergency exit-only taker,P0,G6/G7,Emergency command crosses through zero,Execute the controlled emergency command crosses through zero scenario with exact inputs and fault timing recorded.,Rejected and severity-one alert.,"Input/fault manifest, raw and normalized journals, state/output hashes, metrics, test runner result and reviewer",NOT_RUN
EMG-04,RC1 critical additions,Emergency exit-only taker,P0,G6/G7,Tier-1 IOC fills completely,Execute the controlled tier-1 ioc fills completely scenario with exact inputs and fault timing recorded.,Position zero and all audit/reconciliation fields complete.,"Input/fault manifest, raw and normalized journals, state/output hashes, metrics, test runner result and reviewer",NOT_RUN
EMG-05,RC1 critical additions,Emergency exit-only taker,P0,G6/G7,Tier-1 IOC partially fills,Execute the controlled tier-1 ioc partially fills scenario with exact inputs and fault timing recorded.,Residual re-read from venue before next command.,"Input/fault manifest, raw and normalized journals, state/output hashes, metrics, test runner result and reviewer",NOT_RUN
EMG-06,RC1 critical additions,Emergency exit-only taker,P0,G6/G7,Tier-1 price exceeds cap,Execute the controlled tier-1 price exceeds cap scenario with exact inputs and fault timing recorded.,No fill beyond limit; residual follows explicit escalation.,"Input/fault manifest, raw and normalized journals, state/output hashes, metrics, test runner result and reviewer",NOT_RUN
EMG-07,RC1 critical additions,Emergency exit-only taker,P0,G6/G7,Tier-2 market disabled,Execute the controlled tier-2 market disabled scenario with exact inputs and fault timing recorded.,Residual remains visible/protected where possible and pages.,"Input/fault manifest, raw and normalized journals, state/output hashes, metrics, test runner result and reviewer",NOT_RUN
EMG-08,RC1 critical additions,Emergency exit-only taker,P0,G6/G7,Tier-2 market enabled,Execute the controlled tier-2 market enabled scenario with exact inputs and fault timing recorded.,"Named signed authorization, trigger and audit exist.","Input/fault manifest, raw and normalized journals, state/output hashes, metrics, test runner result and reviewer",NOT_RUN
EMG-09,RC1 critical additions,Emergency exit-only taker,P0,G6/G7,One-way immediate close,Execute the controlled one-way immediate close scenario with exact inputs and fault timing recorded.,reduceOnly true and correct opposite side.,"Input/fault manifest, raw and normalized journals, state/output hashes, metrics, test runner result and reviewer",NOT_RUN
EMG-10,RC1 critical additions,Emergency exit-only taker,P0,G6/G7,Hedge immediate close,Execute the controlled hedge immediate close scenario with exact inputs and fault timing recorded.,Correct positionSide and no forbidden reduceOnly.,"Input/fault manifest, raw and normalized journals, state/output hashes, metrics, test runner result and reviewer",NOT_RUN
EMG-11,RC1 critical additions,Emergency exit-only taker,P0,G6/G7,Unknown emergency submit result,Execute the controlled unknown emergency submit result scenario with exact inputs and fault timing recorded.,No duplicate until reconciliation.,"Input/fault manifest, raw and normalized journals, state/output hashes, metrics, test runner result and reviewer",NOT_RUN
EMG-12,RC1 critical additions,Emergency exit-only taker,P0,G6/G7,Stale local position differs from venue,Execute the controlled stale local position differs from venue scenario with exact inputs and fault timing recorded.,Venue state wins; quantity never exceeds verified residual.,"Input/fault manifest, raw and normalized journals, state/output hashes, metrics, test runner result and reviewer",NOT_RUN
EMG-13,RC1 critical additions,Emergency exit-only taker,P0,G6/G7,Protection not armed by deadline,Execute the controlled protection not armed by deadline scenario with exact inputs and fault timing recorded.,Entries freeze and emergency policy evaluates.,"Input/fault manifest, raw and normalized journals, state/output hashes, metrics, test runner result and reviewer",NOT_RUN
EMG-14,RC1 critical additions,Emergency exit-only taker,P0,G6/G7,priceProtect divergence delays trigger,Execute the controlled priceprotect divergence delays trigger scenario with exact inputs and fault timing recorded.,Expected policy behavior is observable and accepted/rejected by preregistration.,"Input/fault manifest, raw and normalized journals, state/output hashes, metrics, test runner result and reviewer",NOT_RUN
EMG-15,RC1 critical additions,Emergency exit-only taker,P0,G6/G7,Local exit and venue stop simultaneous,Execute the controlled local exit and venue stop simultaneous scenario with exact inputs and fault timing recorded.,Deduplication prevents reversal.,"Input/fault manifest, raw and normalized journals, state/output hashes, metrics, test runner result and reviewer",NOT_RUN
EMG-16,RC1 critical additions,Emergency exit-only taker,P0,G6/G7,Emergency fill in maker KPI,Execute the controlled emergency fill in maker kpi scenario with exact inputs and fault timing recorded.,Excluded from normal maker denominator and separately reported.,"Input/fault manifest, raw and normalized journals, state/output hashes, metrics, test runner result and reviewer",NOT_RUN
EMG-17,RC1 critical additions,Emergency exit-only taker,P0,G6/G7,Entry kill switch active,Execute the controlled entry kill switch active scenario with exact inputs and fault timing recorded.,Cancel/protection/risk-reducing exits remain usable.,"Input/fault manifest, raw and normalized journals, state/output hashes, metrics, test runner result and reviewer",NOT_RUN
EMG-18,RC1 critical additions,Emergency exit-only taker,P0,G6/G7,Emergency count/window exceeds budget,Execute the controlled emergency count/window exceeds budget scenario with exact inputs and fault timing recorded.,Automatic canary stop and rollback workflow.,"Input/fault manifest, raw and normalized journals, state/output hashes, metrics, test runner result and reviewer",NOT_RUN
ACC-01,RC1 critical additions,Accounting and evidence integrity,P0,G0/G6/G8,Entry and exit fills,Execute the controlled entry and exit fills scenario with exact inputs and fault timing recorded.,Correct position-effect and order-role derivation with raw evidence.,"Input/fault manifest, raw and normalized journals, state/output hashes, metrics, test runner result and reviewer",NOT_RUN
ACC-02,RC1 critical additions,Accounting and evidence integrity,P0,G0/G6/G8,Add and partial reduce,Execute the controlled add and partial reduce scenario with exact inputs and fault timing recorded.,Exact quantity conservation.,"Input/fault manifest, raw and normalized journals, state/output hashes, metrics, test runner result and reviewer",NOT_RUN
ACC-03,RC1 critical additions,Accounting and evidence integrity,P0,G0/G6/G8,Maker and taker fills,Execute the controlled maker and taker fills scenario with exact inputs and fault timing recorded.,Venue-confirmed liquidity role preserved.,"Input/fault manifest, raw and normalized journals, state/output hashes, metrics, test runner result and reviewer",NOT_RUN
ACC-04,RC1 critical additions,Accounting and evidence integrity,P0,G0/G6/G8,Fee in non-quote asset,Execute the controlled fee in non-quote asset scenario with exact inputs and fault timing recorded.,Causal deterministic quote conversion retains original amount/asset/source.,"Input/fault manifest, raw and normalized journals, state/output hashes, metrics, test runner result and reviewer",NOT_RUN
ACC-05,RC1 critical additions,Accounting and evidence integrity,P0,G0/G6/G8,Funding event,Execute the controlled funding event scenario with exact inputs and fault timing recorded.,Attributed separately from trade P&L.,"Input/fault manifest, raw and normalized journals, state/output hashes, metrics, test runner result and reviewer",NOT_RUN
ACC-06,RC1 critical additions,Accounting and evidence integrity,P0,G0/G6/G8,Liquidation or ADL,Execute the controlled liquidation or adl scenario with exact inputs and fault timing recorded.,Not classified as strategy exit.,"Input/fault manifest, raw and normalized journals, state/output hashes, metrics, test runner result and reviewer",NOT_RUN
ACC-07,RC1 critical additions,Accounting and evidence integrity,P0,G0/G6/G8,Orphan raw fill,Execute the controlled orphan raw fill scenario with exact inputs and fault timing recorded.,UNRESOLVED/quarantine; never dropped or guessed.,"Input/fault manifest, raw and normalized journals, state/output hashes, metrics, test runner result and reviewer",NOT_RUN
ACC-08,RC1 critical additions,Accounting and evidence integrity,P0,G0/G6/G8,Duplicate venue trade ID,Execute the controlled duplicate venue trade id scenario with exact inputs and fault timing recorded.,Deduplicated across reconnect/replay.,"Input/fault manifest, raw and normalized journals, state/output hashes, metrics, test runner result and reviewer",NOT_RUN
ACC-09,RC1 critical additions,Accounting and evidence integrity,P0,G0/G6/G8,Campaign closes flat,Execute the controlled campaign closes flat scenario with exact inputs and fault timing recorded.,Entries/adds equal reductions/exits; reservations/protection terminal.,"Input/fault manifest, raw and normalized journals, state/output hashes, metrics, test runner result and reviewer",NOT_RUN
ACC-10,RC1 critical additions,Accounting and evidence integrity,P0,G0/G6/G8,Open campaign,Execute the controlled open campaign scenario with exact inputs and fault timing recorded.,"Outcome remains OPEN/null, not zero.","Input/fault manifest, raw and normalized journals, state/output hashes, metrics, test runner result and reviewer",NOT_RUN
ACC-11,RC1 critical additions,Accounting and evidence integrity,P0,G0/G6/G8,Gross positive but costs negative,Execute the controlled gross positive but costs negative scenario with exact inputs and fault timing recorded.,Net outcome correctly negative.,"Input/fault manifest, raw and normalized journals, state/output hashes, metrics, test runner result and reviewer",NOT_RUN
ACC-12,RC1 critical additions,Accounting and evidence integrity,P0,G0/G6/G8,Recompute from raw venue evidence,Execute the controlled recompute from raw venue evidence scenario with exact inputs and fault timing recorded.,Same money P&L and component totals.,"Input/fault manifest, raw and normalized journals, state/output hashes, metrics, test runner result and reviewer",NOT_RUN
ACC-13,RC1 critical additions,Accounting and evidence integrity,P0,G0/G6/G8,Query shadow and live populations,Execute the controlled query shadow and live populations scenario with exact inputs and fault timing recorded.,Explicitly separate denominators and provenance.,"Input/fault manifest, raw and normalized journals, state/output hashes, metrics, test runner result and reviewer",NOT_RUN
ACC-14,RC1 critical additions,Accounting and evidence integrity,P0,G0/G6/G8,Scorecard titled live but backed by shadow,Execute the controlled scorecard titled live but backed by shadow scenario with exact inputs and fault timing recorded.,Publication gate rejects.,"Input/fault manifest, raw and normalized journals, state/output hashes, metrics, test runner result and reviewer",NOT_RUN
STA-01,RC1 critical additions,Statistics and promotion integrity,P1,G4/G8,Trial executed without preregistration,Execute the controlled trial executed without preregistration scenario with exact inputs and fault timing recorded.,Cannot support promotion; remains counted failed/unregistered.,"Input/fault manifest, raw and normalized journals, state/output hashes, metrics, test runner result and reviewer",NOT_RUN
STA-02,RC1 critical additions,Statistics and promotion integrity,P1,G4/G8,Failed trial omitted,Execute the controlled failed trial omitted scenario with exact inputs and fault timing recorded.,Trial-family reconciliation fails.,"Input/fault manifest, raw and normalized journals, state/output hashes, metrics, test runner result and reviewer",NOT_RUN
STA-03,RC1 critical additions,Statistics and promotion integrity,P1,G4/G8,Lane renamed after failure,Execute the controlled lane renamed after failure scenario with exact inputs and fault timing recorded.,Same family/trial history retained.,"Input/fault manifest, raw and normalized journals, state/output hashes, metrics, test runner result and reviewer",NOT_RUN
STA-04,RC1 critical additions,Statistics and promotion integrity,P1,G4/G8,Random k-fold on time series,Execute the controlled random k-fold on time series scenario with exact inputs and fault timing recorded.,Validation rejects method.,"Input/fault manifest, raw and normalized journals, state/output hashes, metrics, test runner result and reviewer",NOT_RUN
STA-05,RC1 critical additions,Statistics and promotion integrity,P1,G4/G8,Overlapping outcome horizons,Execute the controlled overlapping outcome horizons scenario with exact inputs and fault timing recorded.,Purged from opposite fold.,"Input/fault manifest, raw and normalized journals, state/output hashes, metrics, test runner result and reviewer",NOT_RUN
STA-06,RC1 critical additions,Statistics and promotion integrity,P1,G4/G8,Embargo shorter than dependency/outcome horizon,Execute the controlled embargo shorter than dependency/outcome horizon scenario with exact inputs and fault timing recorded.,Validation fails.,"Input/fault manifest, raw and normalized journals, state/output hashes, metrics, test runner result and reviewer",NOT_RUN
STA-07,RC1 critical additions,Statistics and promotion integrity,P1,G4/G8,Holdout viewed then parameters changed,Execute the controlled holdout viewed then parameters changed scenario with exact inputs and fault timing recorded.,Holdout invalidated; new trial required.,"Input/fault manifest, raw and normalized journals, state/output hashes, metrics, test runner result and reviewer",NOT_RUN
STA-08,RC1 critical additions,Statistics and promotion integrity,P1,G4/G8,Costs set to zero,Execute the controlled costs set to zero scenario with exact inputs and fault timing recorded.,Cannot support economic promotion.,"Input/fault manifest, raw and normalized journals, state/output hashes, metrics, test runner result and reviewer",NOT_RUN
STA-09,RC1 critical additions,Statistics and promotion integrity,P1,G4/G8,Fill rows treated as independent trades,Execute the controlled fill rows treated as independent trades scenario with exact inputs and fault timing recorded.,Campaign/opportunity clustering correction required.,"Input/fault manifest, raw and normalized journals, state/output hashes, metrics, test runner result and reviewer",NOT_RUN
STA-10,RC1 critical additions,Statistics and promotion integrity,P1,G4/G8,PBO uses incomplete trial family,Execute the controlled pbo uses incomplete trial family scenario with exact inputs and fault timing recorded.,Result invalid.,"Input/fault manifest, raw and normalized journals, state/output hashes, metrics, test runner result and reviewer",NOT_RUN
STA-11,RC1 critical additions,Statistics and promotion integrity,P1,G4/G8,Deflated Sharpe ignores trial count/non-normality,Execute the controlled deflated sharpe ignores trial count/non-normality scenario with exact inputs and fault timing recorded.,Result invalid.,"Input/fault manifest, raw and normalized journals, state/output hashes, metrics, test runner result and reviewer",NOT_RUN
STA-12,RC1 critical additions,Statistics and promotion integrity,P1,G4/G8,Many cells use raw p-values,Execute the controlled many cells use raw p-values scenario with exact inputs and fault timing recorded.,Promotion blocked pending family-wise control.,"Input/fault manifest, raw and normalized journals, state/output hashes, metrics, test runner result and reviewer",NOT_RUN
STA-13,RC1 critical additions,Statistics and promotion integrity,P1,G4/G8,Profit disappears under modest cost/fill/latency stress,Execute the controlled profit disappears under modest cost/fill/latency stress scenario with exact inputs and fault timing recorded.,Promotion blocked.,"Input/fault manifest, raw and normalized journals, state/output hashes, metrics, test runner result and reviewer",NOT_RUN
STA-14,RC1 critical additions,Statistics and promotion integrity,P1,G4/G8,Single campaign/symbol/day dominates,Execute the controlled single campaign/symbol/day dominates scenario with exact inputs and fault timing recorded.,Concentration warning/block per frozen gate.,"Input/fault manifest, raw and normalized journals, state/output hashes, metrics, test runner result and reviewer",NOT_RUN
STA-15,RC1 critical additions,Statistics and promotion integrity,P1,G4/G8,Aggregate positive but one side negative,Execute the controlled aggregate positive but one side negative scenario with exact inputs and fault timing recorded.,Affected side uncertified; aggregate cannot hide it.,"Input/fault manifest, raw and normalized journals, state/output hashes, metrics, test runner result and reviewer",NOT_RUN
STA-16,RC1 critical additions,Statistics and promotion integrity,P1,G4/G8,Threshold peak is isolated,Execute the controlled threshold peak is isolated scenario with exact inputs and fault timing recorded.,Parameter instability blocks promotion.,"Input/fault manifest, raw and normalized journals, state/output hashes, metrics, test runner result and reviewer",NOT_RUN
STA-17,RC1 critical additions,Statistics and promotion integrity,P1,G4/G8,Prospective conflicts with historical,Execute the controlled prospective conflicts with historical scenario with exact inputs and fault timing recorded.,Conflict reported; no averaging away.,"Input/fault manifest, raw and normalized journals, state/output hashes, metrics, test runner result and reviewer",NOT_RUN
STA-18,RC1 critical additions,Statistics and promotion integrity,P1,G4/G8,Sample below preregistered power requirement,Execute the controlled sample below preregistered power requirement scenario with exact inputs and fault timing recorded.,"INSUFFICIENT, not PASS/FAIL.","Input/fault manifest, raw and normalized journals, state/output hashes, metrics, test runner result and reviewer",NOT_RUN
REL-01,RC1 critical additions,"Performance, reliability and cutover",P0,G4/G6/G9,Only average latency recorded,Execute the controlled only average latency recorded scenario with exact inputs and fault timing recorded.,SLO evidence fails.,"Input/fault manifest, raw and normalized journals, state/output hashes, metrics, test runner result and reviewer",NOT_RUN
REL-02,RC1 critical additions,"Performance, reliability and cutover",P0,G4/G6/G9,Stage histograms under normal load,Execute the controlled stage histograms under normal load scenario with exact inputs and fault timing recorded.,p50/p95/p99 and counts available end to end.,"Input/fault manifest, raw and normalized journals, state/output hashes, metrics, test runner result and reviewer",NOT_RUN
REL-03,RC1 critical additions,"Performance, reliability and cutover",P0,G4/G6/G9,Full declared symbol capability load,Execute the controlled full declared symbol capability load scenario with exact inputs and fault timing recorded.,No silent drop; freshness and resource SLOs pass.,"Input/fault manifest, raw and normalized journals, state/output hashes, metrics, test runner result and reviewer",NOT_RUN
REL-04,RC1 critical additions,"Performance, reliability and cutover",P0,G4/G6/G9,Twice observed peak burst,Execute the controlled twice observed peak burst scenario with exact inputs and fault timing recorded.,Backpressure preserves ordering/evidence and stops entries before staleness.,"Input/fault manifest, raw and normalized journals, state/output hashes, metrics, test runner result and reviewer",NOT_RUN
REL-05,RC1 critical additions,"Performance, reliability and cutover",P0,G4/G6/G9,Slow downstream consumer,Execute the controlled slow downstream consumer scenario with exact inputs and fault timing recorded.,New entries fail closed; upstream raw facts remain durable.,"Input/fault manifest, raw and normalized journals, state/output hashes, metrics, test runner result and reviewer",NOT_RUN
REL-06,RC1 critical additions,"Performance, reliability and cutover",P0,G4/G6/G9,Private stream outage,Execute the controlled private stream outage scenario with exact inputs and fault timing recorded.,Position/order/protection uncertainty visible and entries stop.,"Input/fault manifest, raw and normalized journals, state/output hashes, metrics, test runner result and reviewer",NOT_RUN
REL-07,RC1 critical additions,"Performance, reliability and cutover",P0,G4/G6/G9,Metrics backend unavailable,Execute the controlled metrics backend unavailable scenario with exact inputs and fault timing recorded.,Local safety evidence and fail-close behavior remain functional.,"Input/fault manifest, raw and normalized journals, state/output hashes, metrics, test runner result and reviewer",NOT_RUN
REL-08,RC1 critical additions,"Performance, reliability and cutover",P0,G4/G6/G9,26-hour soak,Execute the controlled 26-hour soak scenario with exact inputs and fault timing recorded.,24-hour handover and resource stability proven.,"Input/fault manifest, raw and normalized journals, state/output hashes, metrics, test runner result and reviewer",NOT_RUN
REL-09,RC1 critical additions,"Performance, reliability and cutover",P0,G4/G6/G9,Memory/handle growth over soak,Execute the controlled memory/handle growth over soak scenario with exact inputs and fault timing recorded.,Within registered bound.,"Input/fault manifest, raw and normalized journals, state/output hashes, metrics, test runner result and reviewer",NOT_RUN
REL-10,RC1 critical additions,"Performance, reliability and cutover",P0,G4/G6/G9,Clock-offset excursion,Execute the controlled clock-offset excursion scenario with exact inputs and fault timing recorded.,Hard threshold stops entries without changing event identities.,"Input/fault manifest, raw and normalized journals, state/output hashes, metrics, test runner result and reviewer",NOT_RUN
REL-11,RC1 critical additions,"Performance, reliability and cutover",P0,G4/G6/G9,Process crash during open position,Execute the controlled process crash during open position scenario with exact inputs and fault timing recorded.,E09 recovery/protection reconciliation succeeds.,"Input/fault manifest, raw and normalized journals, state/output hashes, metrics, test runner result and reviewer",NOT_RUN
REL-12,RC1 critical additions,"Performance, reliability and cutover",P0,G4/G6/G9,Network partition,Execute the controlled network partition scenario with exact inputs and fault timing recorded.,Dead-man/unknown-submit/exit policy behaves as signed.,"Input/fault manifest, raw and normalized journals, state/output hashes, metrics, test runner result and reviewer",NOT_RUN
REL-13,RC1 critical additions,"Performance, reliability and cutover",P0,G4/G6/G9,Deployment rollback,Execute the controlled deployment rollback scenario with exact inputs and fault timing recorded.,No dual producer and no lost position owner.,"Input/fault manifest, raw and normalized journals, state/output hashes, metrics, test runner result and reviewer",NOT_RUN
REL-14,RC1 critical additions,"Performance, reliability and cutover",P0,G4/G6/G9,Legacy and ORIGIN consume same input ledger,Execute the controlled legacy and origin consume same input ledger scenario with exact inputs and fault timing recorded.,Input hashes/offsets match.,"Input/fault manifest, raw and normalized journals, state/output hashes, metrics, test runner result and reviewer",NOT_RUN
REL-15,RC1 critical additions,"Performance, reliability and cutover",P0,G4/G6/G9,ORIGIN dark deployment,Execute the controlled origin dark deployment scenario with exact inputs and fault timing recorded.,Zero execution/risk/order writes by ACL and journal proof.,"Input/fault manifest, raw and normalized journals, state/output hashes, metrics, test runner result and reviewer",NOT_RUN
REL-16,RC1 critical additions,"Performance, reliability and cutover",P0,G4/G6/G9,Config changes during canary,Execute the controlled config changes during canary scenario with exact inputs and fault timing recorded.,Canary invalidates automatically.,"Input/fault manifest, raw and normalized journals, state/output hashes, metrics, test runner result and reviewer",NOT_RUN
REL-17,RC1 critical additions,"Performance, reliability and cutover",P0,G4/G6/G9,Legacy command after cutover,Execute the controlled legacy command after cutover scenario with exact inputs and fault timing recorded.,Fencing rejection.,"Input/fault manifest, raw and normalized journals, state/output hashes, metrics, test runner result and reviewer",NOT_RUN
REL-18,RC1 critical additions,"Performance, reliability and cutover",P0,G4/G6/G9,Open canary position during rollback,Execute the controlled open canary position during rollback scenario with exact inputs and fault timing recorded.,Risk-managed before authority switch.,"Input/fault manifest, raw and normalized journals, state/output hashes, metrics, test runner result and reviewer",NOT_RUN
REL-19,RC1 critical additions,"Performance, reliability and cutover",P0,G4/G6/G9,Global enable attempted,Execute the controlled global enable attempted scenario with exact inputs and fault timing recorded.,Governance rejects wildcard/broadening.,"Input/fault manifest, raw and normalized journals, state/output hashes, metrics, test runner result and reviewer",NOT_RUN
REL-20,RC1 critical additions,"Performance, reliability and cutover",P0,G4/G6/G9,"Expand symbol, capsule and risk simultaneously","Execute the controlled expand symbol, capsule and risk simultaneously scenario with exact inputs and fault timing recorded.",Governance rejects multi-dimension expansion.,"Input/fault manifest, raw and normalized journals, state/output hashes, metrics, test runner result and reviewer",NOT_RUN
